/var/spool/slurm/job5420849/slurm_script: line 16: cd: /N/slate/ckieu/deep-learning/TC-net-cnn/: No such file or directory
+ workdir=/N/slate/kmluong/TC-net-cnn_workdir/
+ besttrack=/N/project/hurricane-deep-learning/data/tc/ibtracs.ALL.list.v04r00.csv
+ merra2data=/N/project/Typhoon-deep-learning/data/nasa-merra2/
+ wrfdata=/N/project/Typhoon-deep-learning/data/tc-wrf/
+ merra=(0 0 0)
+ wrf=0
+ build=(1 1 1)
+ mode=VMAX
+ data_source=MERRA2
+ '[' MERRA2 = MERRA2 ']'
+ wrf=0
+ list_vars=("U850" "V850" "T850" "RH850" "U950" "V950" "T950" "RH950" "U750" "V750" "T750" "RH750" "SLP750")
+ var_num=13
+ echo '13 number of vars to process: U850' V850 T850 RH850 U950 V950 T950 RH950 U750 V750 T750 RH750 SLP750
13 number of vars to process: U850 V850 T850 RH850 U950 V950 T950 RH950 U750 V750 T750 RH750 SLP750
++ sha256sum
++ tr -dc A-Za-z0-9
++ head -c10
+++ date +%s%N
+++ uuidgen
++ echo 1752070511263282326827318278655377efdff01-084f-4a34-9a2a-20ad7565b3ab
+ temp_id=bf7b6dee59
+ temp_id=sssssss
+ '[' VMAX = ALL ']'
+ config=../model_core/77.json
+ expName=H02h02
+ plot_unit=m/s
+ imsize_variables='180 180'
+ imsize_labels='180 180'
+ X_resolution_wrf=d03
+ Y_resolution_wrf=d03
+ val_experiment_wrf=
+ train_experiment_wrf=("exp_02km_m01:exp_02km_m01" "exp_02km_m02:exp_02km_m02" "exp_02km_m04:exp_02km_m04" "exp_02km_m05:exp_02km_m05" "exp_02km_m06:exp_02km_m06" "exp_02km_m07:exp_02km_m07" "exp_02km_m08:exp_02km_m08" "exp_02km_m09:exp_02km_m09" "exp_02km_m10:exp_02km_m10")
+ test_experiment_wrf=("exp_02km_m03:exp_02km_m03")
+ '[' d03 == d01 ']'
+ '[' d03 == d02 ']'
+ '[' d03 == d03 ']'
+ dx=2
+ regions='EP NA WP'
+ st_embed=0
+ force_rewrite=0
+ windowsize_x=18
+ windowsize_y=18
+ validation_years=(2014)
+ test_years=(2017)
+ nan_fill_map='0,1:0,1,2,3;4,5:4,5,6,7;8,9:8,9,10,11'
+ ref_vars=("U1000" "V1000" "SLP" "lat" "lon")
+ random_split=1
+ test_pc=10
+ val_pc=20
+ learning_rate=0.0001
+ batch_size=256
+ num_epochs=500
+ image_size=64
+ echo 'Data source is set to MERRA2 for experiment H02h02 and mode VMAX'
Data source is set to MERRA2 for experiment H02h02 and mode VMAX
+ echo 'Working directory is /N/slate/kmluong/TC-net-cnn_workdir/'
Working directory is /N/slate/kmluong/TC-net-cnn_workdir/
+ '[' MERRA2 = MERRA2 ']'
+ text_report_name=VMAXTCNN_13c.txt
+ model_name=TCNN4_18w_13c
+ expName=000
+ workdir=/N/slate/kmluong/TC-net-cnn_workdir//MERRA2_00018w
+ temporary_folder=/N/slate/kmluong/TC-net-cnn_workdir//MERRA2_00018w/
+ '[' 0 -eq 1 ']'
+ '[' 0 -eq 1 ']'
+ '[' 0 -eq 1 ']'
+ '[' 0 -eq 1 ']'
+ '[' 1 -eq 1 ']'
+ python TC-universal_data_reader.py --root /N/slate/kmluong/TC-net-cnn_workdir//MERRA2_00018w --windowsize 18 18 --var_num 13 --st_embed 0 --validation_year_merra 2014 --test_year_merra 2017 -temp /N/slate/kmluong/TC-net-cnn_workdir//MERRA2_00018w/ -ss MERRA2 -tid sssssss -r_split 1 -test_pc 10 -val_pc 20 -wrf_ix 180 180 -wrf_iy 180 180 -xew exp_02km_m01:exp_02km_m01 exp_02km_m02:exp_02km_m02 exp_02km_m04:exp_02km_m04 exp_02km_m05:exp_02km_m05 exp_02km_m06:exp_02km_m06 exp_02km_m07:exp_02km_m07 exp_02km_m08:exp_02km_m08 exp_02km_m09:exp_02km_m09 exp_02km_m10:exp_02km_m10 -tew exp_02km_m03:exp_02km_m03 -vew '' -xd d03 -td d03
Warning: Files not found for year 2016 and month 02
Warning: Files not found for year 2016 and month 03
Warning: Files not found for year 2016 and month 04
Warning: Files not found for year 2002 and month 04
Warning: Files not found for year 2021 and month 01
Warning: Files not found for year 2021 and month 03
Warning: Files not found for year 2006 and month 02
Warning: Files not found for year 2006 and month 03
Warning: Files not found for year 2006 and month 04
Warning: Files not found for year 2020 and month 01
Warning: Files not found for year 2020 and month 02
Warning: Files not found for year 2020 and month 03
Warning: Files not found for year 2008 and month 01
Warning: Files not found for year 2008 and month 02
Warning: Files not found for year 2008 and month 03
Warning: Files not found for year 2003 and month 02
Warning: Files not found for year 2003 and month 03
Warning: Files not found for year 2001 and month 01
Warning: Files not found for year 2001 and month 02
Warning: Files not found for year 2001 and month 03
Warning: Files not found for year 2001 and month 04
Warning: Files not found for year 2001 and month 05
Warning: Files not found for year 2013 and month 02
Warning: Files not found for year 2013 and month 03
Warning: Files not found for year 2013 and month 04
Warning: Files not found for year 2018 and month 04
Warning: Files not found for year 2018 and month 12
Warning: Files not found for year 2019 and month 03
Warning: Files not found for year 2019 and month 04
Warning: Files not found for year 2011 and month 01
Warning: Files not found for year 2011 and month 02
Warning: Files not found for year 2011 and month 03
Warning: Files not found for year 2011 and month 04
Warning: Files not found for year 2012 and month 01
Warning: Files not found for year 2012 and month 02
Warning: Files not found for year 2012 and month 04
Warning: Files not found for year 2007 and month 01
Warning: Files not found for year 2007 and month 02
Warning: Files not found for year 2007 and month 03
Warning: Files not found for year 2017 and month 01
Warning: Files not found for year 2017 and month 02
Warning: Files not found for year 2017 and month 03
Warning: Files not found for year 2009 and month 01
Warning: Files not found for year 2009 and month 02
Warning: Files not found for year 2009 and month 03
Warning: Files not found for year 2009 and month 04
Warning: Files not found for year 2010 and month 01
Warning: Files not found for year 2010 and month 02
Warning: Files not found for year 2010 and month 04
Warning: Files not found for year 2004 and month 01
Warning: Files not found for year 2004 and month 02
Warning: Files not found for year 2004 and month 03
Warning: Files not found for year 2005 and month 01
Warning: Files not found for year 2005 and month 02
Warning: Files not found for year 2005 and month 03
Warning: Files not found for year 2005 and month 04
Shape check ((25578, 13, 38, 30), (25578, 3), (25578, 4))
Saved /N/slate/kmluong/TC-net-cnn_workdir//MERRA2_00018w/temp/train_x_sssssss.npy
Saved /N/slate/kmluong/TC-net-cnn_workdir//MERRA2_00018w/temp/train_y_sssssss.npy
Saved /N/slate/kmluong/TC-net-cnn_workdir//MERRA2_00018w/temp/train_z_sssssss.npy
Saved /N/slate/kmluong/TC-net-cnn_workdir//MERRA2_00018w/temp/test_x_sssssss.npy
Saved /N/slate/kmluong/TC-net-cnn_workdir//MERRA2_00018w/temp/test_y_sssssss.npy
Saved /N/slate/kmluong/TC-net-cnn_workdir//MERRA2_00018w/temp/test_z_sssssss.npy
Saved /N/slate/kmluong/TC-net-cnn_workdir//MERRA2_00018w/temp/val_x_sssssss.npy
Saved /N/slate/kmluong/TC-net-cnn_workdir//MERRA2_00018w/temp/val_y_sssssss.npy
Saved /N/slate/kmluong/TC-net-cnn_workdir//MERRA2_00018w/temp/val_z_sssssss.npy
Saved /N/slate/kmluong/TC-net-cnn_workdir//MERRA2_00018w/temp/ref_x_sssssss.npy
+ :
+ mode=PMIN
+ text_report_name=PMINTCNN_13c.txt
+ '[' 1 -eq 1 ']'
+ python TC-build_model.py --mode PMIN --root /N/slate/kmluong/TC-net-cnn_workdir//MERRA2_00018w --windowsize 18 18 --var_num 13 --st_embed 0 --model_name TCNN4_18w_13c --learning_rate 0.0001 --batch_size 256 --num_epochs 500 --image_size 64 -temp /N/slate/kmluong/TC-net-cnn_workdir//MERRA2_00018w/ -ss MERRA2 -cfg ../model_core/77.json -tid sssssss
Finish normalization...
Finish normalization...
Input shape of the X features data:  (17906, 64, 64, 13)
Input shape of the y label data:  (17906,)
Number of input channel extracted from X is:  13
Processing flow:  data_augmentation
Input to operations:  KerasTensor(type_spec=TensorSpec(shape=(None, 64, 64, 13), dtype=tf.float32, name='inputs'), name='inputs', description="created by layer 'inputs'")
Output of flow stored:  data_augmentation
Processing flow:  conv_block_1
Input to operations:  KerasTensor(type_spec=TensorSpec(shape=(None, 64, 64, 13), dtype=tf.float32, name=None), name='random_zoom/transform/ImageProjectiveTransformV3:0', description="created by layer 'random_zoom'")
Output of flow stored:  conv_block_1
Processing flow:  conv_block_2
Input to operations:  KerasTensor(type_spec=TensorSpec(shape=(None, 32, 32, 32), dtype=tf.float32, name=None), name='batch_normalization/FusedBatchNormV3:0', description="created by layer 'batch_normalization'")
Output of flow stored:  conv_block_2
Processing flow:  conv_block_3
Input to operations:  KerasTensor(type_spec=TensorSpec(shape=(None, 16, 16, 64), dtype=tf.float32, name=None), name='batch_normalization_1/FusedBatchNormV3:0', description="created by layer 'batch_normalization_1'")
Output of flow stored:  conv_block_3
Processing flow:  conv_block_4
Input to operations:  KerasTensor(type_spec=TensorSpec(shape=(None, 8, 8, 128), dtype=tf.float32, name=None), name='max_pooling2d_2/MaxPool:0', description="created by layer 'max_pooling2d_2'")
Output of flow stored:  conv_block_4
Processing flow:  dense_block
Input to operations:  KerasTensor(type_spec=TensorSpec(shape=(None, 2, 2, 512), dtype=tf.float32, name=None), name='batch_normalization_2/FusedBatchNormV3:0', description="created by layer 'batch_normalization_2'")
Output of flow stored:  dense_block
Processing flow:  conditional_st_embed
Input to operations:  KerasTensor(type_spec=TensorSpec(shape=(None, 2048), dtype=tf.float32, name=None), name='dropout/Identity:0', description="created by layer 'dropout'")
Output of flow stored:  conditional_st_embed
Processing flow:  final_dense
Input to operations:  KerasTensor(type_spec=TensorSpec(shape=(None, 2048), dtype=tf.float32, name=None), name='dropout/Identity:0', description="created by layer 'dropout'")
Output of flow stored:  final_dense
Model built successfully.
Model: "model"
_________________________________________________________________
 Layer (type)                Output Shape              Param #   
=================================================================
 inputs (InputLayer)         [(None, 64, 64, 13)]      0         
                                                                 
 random_rotation (RandomRota  (None, 64, 64, 13)       0         
 tion)                                                           
                                                                 
 random_zoom (RandomZoom)    (None, 64, 64, 13)        0         
                                                                 
 conv2d (Conv2D)             (None, 64, 64, 32)        20416     
                                                                 
 max_pooling2d (MaxPooling2D  (None, 32, 32, 32)       0         
 )                                                               
                                                                 
 batch_normalization (BatchN  (None, 32, 32, 32)       128       
 ormalization)                                                   
                                                                 
 conv2d_1 (Conv2D)           (None, 32, 32, 64)        100416    
                                                                 
 max_pooling2d_1 (MaxPooling  (None, 16, 16, 64)       0         
 2D)                                                             
                                                                 
 batch_normalization_1 (Batc  (None, 16, 16, 64)       256       
 hNormalization)                                                 
                                                                 
 conv2d_2 (Conv2D)           (None, 16, 16, 128)       401536    
                                                                 
 max_pooling2d_2 (MaxPooling  (None, 8, 8, 128)        0         
 2D)                                                             
                                                                 
 conv2d_3 (Conv2D)           (None, 8, 8, 256)         1605888   
                                                                 
 conv2d_4 (Conv2D)           (None, 2, 2, 512)         6423040   
                                                                 
 batch_normalization_2 (Batc  (None, 2, 2, 512)        2048      
 hNormalization)                                                 
                                                                 
 flatten (Flatten)           (None, 2048)              0         
                                                                 
 dropout (Dropout)           (None, 2048)              0         
                                                                 
 dense (Dense)               (None, 512)               1049088   
                                                                 
 dense_1 (Dense)             (None, 312)               160056    
                                                                 
 dense_2 (Dense)             (None, 1)                 313       
                                                                 
=================================================================
Total params: 9,763,185
Trainable params: 9,761,969
Non-trainable params: 1,216
_________________________________________________________________

Epoch 1: LearningRateScheduler setting learning rate to 0.001.
Epoch 1/500
WARNING:absl:Found untraced functions such as _jit_compiled_convolution_op, _jit_compiled_convolution_op, _jit_compiled_convolution_op, _jit_compiled_convolution_op, _jit_compiled_convolution_op while saving (showing 5 of 5). These functions will not be directly callable after loading.
560/560 - 29s - loss: 48.2163 - mae_1: 48.6932 - rmse_1: 55.6531 - val_loss: 195.4152 - val_mae_1: 195.9188 - val_rmse_1: 196.8275 - lr: 0.0010 - 29s/epoch - 52ms/step

Epoch 2: LearningRateScheduler setting learning rate to 0.0009980918745398902.
Epoch 2/500
WARNING:absl:Found untraced functions such as _jit_compiled_convolution_op, _jit_compiled_convolution_op, _jit_compiled_convolution_op, _jit_compiled_convolution_op, _jit_compiled_convolution_op while saving (showing 5 of 5). These functions will not be directly callable after loading.
560/560 - 8s - loss: 27.9297 - mae_1: 28.4173 - rmse_1: 34.9465 - val_loss: 43.3493 - val_mae_1: 43.8445 - val_rmse_1: 46.7881 - lr: 9.9809e-04 - 8s/epoch - 15ms/step

Epoch 3: LearningRateScheduler setting learning rate to 0.000995149615343065.
Epoch 3/500
560/560 - 5s - loss: 25.5192 - mae_1: 26.0098 - rmse_1: 32.1234 - val_loss: 77.5957 - val_mae_1: 78.0993 - val_rmse_1: 79.7412 - lr: 9.9515e-04 - 5s/epoch - 8ms/step

Epoch 4: LearningRateScheduler setting learning rate to 0.0009916432100995575.
Epoch 4/500
WARNING:absl:Found untraced functions such as _jit_compiled_convolution_op, _jit_compiled_convolution_op, _jit_compiled_convolution_op, _jit_compiled_convolution_op, _jit_compiled_convolution_op while saving (showing 5 of 5). These functions will not be directly callable after loading.
560/560 - 8s - loss: 24.1014 - mae_1: 24.5993 - rmse_1: 30.4731 - val_loss: 36.4755 - val_mae_1: 36.9804 - val_rmse_1: 40.5426 - lr: 9.9164e-04 - 8s/epoch - 15ms/step

Epoch 5: LearningRateScheduler setting learning rate to 0.0009877236563969186.
Epoch 5/500
560/560 - 4s - loss: 23.4491 - mae_1: 23.9475 - rmse_1: 29.6952 - val_loss: 96.0498 - val_mae_1: 96.5506 - val_rmse_1: 98.1777 - lr: 9.8772e-04 - 4s/epoch - 8ms/step

Epoch 6: LearningRateScheduler setting learning rate to 0.000983475980192591.
Epoch 6/500
WARNING:absl:Found untraced functions such as _jit_compiled_convolution_op, _jit_compiled_convolution_op, _jit_compiled_convolution_op, _jit_compiled_convolution_op, _jit_compiled_convolution_op while saving (showing 5 of 5). These functions will not be directly callable after loading.
560/560 - 8s - loss: 23.1854 - mae_1: 23.6859 - rmse_1: 29.2873 - val_loss: 18.0066 - val_mae_1: 18.5014 - val_rmse_1: 21.4583 - lr: 9.8348e-04 - 8s/epoch - 15ms/step

Epoch 7: LearningRateScheduler setting learning rate to 0.0009789570465911742.
Epoch 7/500
560/560 - 4s - loss: 23.3223 - mae_1: 23.8220 - rmse_1: 29.4011 - val_loss: 20.6848 - val_mae_1: 21.1826 - val_rmse_1: 23.8042 - lr: 9.7896e-04 - 4s/epoch - 8ms/step

Epoch 8: LearningRateScheduler setting learning rate to 0.0009742085694213532.
Epoch 8/500
560/560 - 4s - loss: 22.3615 - mae_1: 22.8554 - rmse_1: 28.2762 - val_loss: 59.3942 - val_mae_1: 59.8981 - val_rmse_1: 62.1341 - lr: 9.7421e-04 - 4s/epoch - 8ms/step

Epoch 9: LearningRateScheduler setting learning rate to 0.00096926297802313.
Epoch 9/500
560/560 - 5s - loss: 21.7115 - mae_1: 22.2095 - rmse_1: 27.6168 - val_loss: 22.9423 - val_mae_1: 23.4434 - val_rmse_1: 29.2426 - lr: 9.6926e-04 - 5s/epoch - 8ms/step

Epoch 10: LearningRateScheduler setting learning rate to 0.0009641465050692663.
Epoch 10/500
WARNING:absl:Found untraced functions such as _jit_compiled_convolution_op, _jit_compiled_convolution_op, _jit_compiled_convolution_op, _jit_compiled_convolution_op, _jit_compiled_convolution_op while saving (showing 5 of 5). These functions will not be directly callable after loading.
560/560 - 8s - loss: 20.9413 - mae_1: 21.4302 - rmse_1: 26.7777 - val_loss: 16.7379 - val_mae_1: 17.2339 - val_rmse_1: 22.9630 - lr: 9.6415e-04 - 8s/epoch - 14ms/step

Epoch 11: LearningRateScheduler setting learning rate to 0.000958880987408501.
Epoch 11/500
560/560 - 5s - loss: 20.9494 - mae_1: 21.4424 - rmse_1: 26.6904 - val_loss: 73.2497 - val_mae_1: 73.7544 - val_rmse_1: 75.8372 - lr: 9.5888e-04 - 5s/epoch - 8ms/step

Epoch 12: LearningRateScheduler setting learning rate to 0.0009534849969705865.
Epoch 12/500
560/560 - 4s - loss: 20.7364 - mae_1: 21.2317 - rmse_1: 26.4173 - val_loss: 17.2212 - val_mae_1: 17.7190 - val_rmse_1: 20.3822 - lr: 9.5349e-04 - 4s/epoch - 8ms/step

Epoch 13: LearningRateScheduler setting learning rate to 0.0009479745920454975.
Epoch 13/500
560/560 - 5s - loss: 21.2344 - mae_1: 21.7335 - rmse_1: 26.8708 - val_loss: 42.8610 - val_mae_1: 43.3644 - val_rmse_1: 46.3577 - lr: 9.4797e-04 - 5s/epoch - 8ms/step

Epoch 14: LearningRateScheduler setting learning rate to 0.0009423638390416929.
Epoch 14/500
560/560 - 5s - loss: 20.3612 - mae_1: 20.8526 - rmse_1: 26.0029 - val_loss: 17.8043 - val_mae_1: 18.3027 - val_rmse_1: 24.5083 - lr: 9.4236e-04 - 5s/epoch - 8ms/step

Epoch 15: LearningRateScheduler setting learning rate to 0.0009366651881710816.
Epoch 15/500
WARNING:absl:Found untraced functions such as _jit_compiled_convolution_op, _jit_compiled_convolution_op, _jit_compiled_convolution_op, _jit_compiled_convolution_op, _jit_compiled_convolution_op while saving (showing 5 of 5). These functions will not be directly callable after loading.
560/560 - 8s - loss: 20.7744 - mae_1: 21.2715 - rmse_1: 26.4673 - val_loss: 11.5336 - val_mae_1: 12.0296 - val_rmse_1: 15.5600 - lr: 9.3667e-04 - 8s/epoch - 14ms/step

Epoch 16: LearningRateScheduler setting learning rate to 0.0009308897522063668.
Epoch 16/500
WARNING:absl:Found untraced functions such as _jit_compiled_convolution_op, _jit_compiled_convolution_op, _jit_compiled_convolution_op, _jit_compiled_convolution_op, _jit_compiled_convolution_op while saving (showing 5 of 5). These functions will not be directly callable after loading.
560/560 - 9s - loss: 20.4653 - mae_1: 20.9655 - rmse_1: 26.1261 - val_loss: 11.0292 - val_mae_1: 11.5203 - val_rmse_1: 16.7583 - lr: 9.3089e-04 - 9s/epoch - 16ms/step

Epoch 17: LearningRateScheduler setting learning rate to 0.0009250475186504109.
Epoch 17/500
560/560 - 5s - loss: 20.2702 - mae_1: 20.7650 - rmse_1: 25.8411 - val_loss: 13.7854 - val_mae_1: 14.2844 - val_rmse_1: 16.7917 - lr: 9.2505e-04 - 5s/epoch - 8ms/step

Epoch 18: LearningRateScheduler setting learning rate to 0.0009191475147972011.
Epoch 18/500
560/560 - 4s - loss: 20.8217 - mae_1: 21.3160 - rmse_1: 26.4317 - val_loss: 12.1145 - val_mae_1: 12.6072 - val_rmse_1: 18.7395 - lr: 9.1915e-04 - 4s/epoch - 8ms/step

Epoch 19: LearningRateScheduler setting learning rate to 0.0009131979386140641.
Epoch 19/500
560/560 - 4s - loss: 19.8121 - mae_1: 20.3111 - rmse_1: 25.4352 - val_loss: 65.0146 - val_mae_1: 65.5174 - val_rmse_1: 67.2449 - lr: 9.1320e-04 - 4s/epoch - 8ms/step

Epoch 20: LearningRateScheduler setting learning rate to 0.0009072062642758034.
Epoch 20/500
560/560 - 5s - loss: 20.4024 - mae_1: 20.9033 - rmse_1: 26.0627 - val_loss: 16.8172 - val_mae_1: 17.3171 - val_rmse_1: 22.0072 - lr: 9.0721e-04 - 5s/epoch - 8ms/step

Epoch 21: LearningRateScheduler setting learning rate to 0.0009011793285334094.
Epoch 21/500
WARNING:absl:Found untraced functions such as _jit_compiled_convolution_op, _jit_compiled_convolution_op, _jit_compiled_convolution_op, _jit_compiled_convolution_op, _jit_compiled_convolution_op while saving (showing 5 of 5). These functions will not be directly callable after loading.
560/560 - 8s - loss: 19.5698 - mae_1: 20.0606 - rmse_1: 25.0659 - val_loss: 10.7510 - val_mae_1: 11.2438 - val_rmse_1: 16.2277 - lr: 9.0118e-04 - 8s/epoch - 15ms/step

Epoch 22: LearningRateScheduler setting learning rate to 0.0008951234023413093.
Epoch 22/500
560/560 - 5s - loss: 19.9410 - mae_1: 20.4412 - rmse_1: 25.5129 - val_loss: 15.1279 - val_mae_1: 15.6263 - val_rmse_1: 21.0587 - lr: 8.9512e-04 - 5s/epoch - 8ms/step

Epoch 23: LearningRateScheduler setting learning rate to 0.0008890442509703352.
Epoch 23/500
560/560 - 4s - loss: 20.1219 - mae_1: 20.6134 - rmse_1: 25.6736 - val_loss: 28.1864 - val_mae_1: 28.6853 - val_rmse_1: 30.8546 - lr: 8.8904e-04 - 4s/epoch - 8ms/step

Epoch 24: LearningRateScheduler setting learning rate to 0.0008829471850014202.
Epoch 24/500
560/560 - 5s - loss: 19.8025 - mae_1: 20.2918 - rmse_1: 25.2932 - val_loss: 23.3841 - val_mae_1: 23.8839 - val_rmse_1: 28.3048 - lr: 8.8295e-04 - 5s/epoch - 8ms/step

Epoch 25: LearningRateScheduler setting learning rate to 0.0008768371040051711.
Epoch 25/500
560/560 - 5s - loss: 20.4521 - mae_1: 20.9426 - rmse_1: 25.9653 - val_loss: 11.3137 - val_mae_1: 11.8088 - val_rmse_1: 15.1525 - lr: 8.7684e-04 - 5s/epoch - 8ms/step

Epoch 26: LearningRateScheduler setting learning rate to 0.0008707185342870537.
Epoch 26/500
560/560 - 5s - loss: 19.5636 - mae_1: 20.0577 - rmse_1: 25.0423 - val_loss: 25.8947 - val_mae_1: 26.3972 - val_rmse_1: 30.1070 - lr: 8.7072e-04 - 5s/epoch - 8ms/step

Epoch 27: LearningRateScheduler setting learning rate to 0.0008645956617663052.
Epoch 27/500
560/560 - 5s - loss: 19.5398 - mae_1: 20.0321 - rmse_1: 24.9911 - val_loss: 59.5067 - val_mae_1: 60.0103 - val_rmse_1: 61.7911 - lr: 8.6460e-04 - 5s/epoch - 8ms/step

Epoch 28: LearningRateScheduler setting learning rate to 0.0008584723608251575.
Epoch 28/500
560/560 - 5s - loss: 19.4940 - mae_1: 19.9943 - rmse_1: 25.0050 - val_loss: 27.7394 - val_mae_1: 28.2391 - val_rmse_1: 30.3924 - lr: 8.5847e-04 - 5s/epoch - 8ms/step

Epoch 29: LearningRateScheduler setting learning rate to 0.0008523522197906714.
Epoch 29/500
560/560 - 5s - loss: 19.8022 - mae_1: 20.2925 - rmse_1: 25.3520 - val_loss: 12.0550 - val_mae_1: 12.5484 - val_rmse_1: 17.3804 - lr: 8.5235e-04 - 5s/epoch - 8ms/step

Epoch 30: LearningRateScheduler setting learning rate to 0.0008462385635787713.
Epoch 30/500
560/560 - 5s - loss: 19.4554 - mae_1: 19.9482 - rmse_1: 24.9706 - val_loss: 14.7953 - val_mae_1: 15.2910 - val_rmse_1: 20.5935 - lr: 8.4624e-04 - 5s/epoch - 8ms/step

Epoch 31: LearningRateScheduler setting learning rate to 0.0008401344739278448.
Epoch 31/500
560/560 - 5s - loss: 19.5869 - mae_1: 20.0823 - rmse_1: 25.0515 - val_loss: 20.5843 - val_mae_1: 21.0824 - val_rmse_1: 23.5551 - lr: 8.4013e-04 - 5s/epoch - 8ms/step

Epoch 32: LearningRateScheduler setting learning rate to 0.000834042807569787.
Epoch 32/500
WARNING:absl:Found untraced functions such as _jit_compiled_convolution_op, _jit_compiled_convolution_op, _jit_compiled_convolution_op, _jit_compiled_convolution_op, _jit_compiled_convolution_op while saving (showing 5 of 5). These functions will not be directly callable after loading.
560/560 - 8s - loss: 19.5747 - mae_1: 20.0653 - rmse_1: 25.0386 - val_loss: 10.3828 - val_mae_1: 10.8741 - val_rmse_1: 15.7614 - lr: 8.3404e-04 - 8s/epoch - 14ms/step

Epoch 33: LearningRateScheduler setting learning rate to 0.000827966212623958.
Epoch 33/500
560/560 - 5s - loss: 19.6528 - mae_1: 20.1567 - rmse_1: 25.0855 - val_loss: 13.8186 - val_mae_1: 14.3175 - val_rmse_1: 17.1586 - lr: 8.2797e-04 - 5s/epoch - 9ms/step

Epoch 34: LearningRateScheduler setting learning rate to 0.0008219071434500745.
Epoch 34/500
560/560 - 5s - loss: 19.2701 - mae_1: 19.7646 - rmse_1: 24.7638 - val_loss: 11.8044 - val_mae_1: 12.2999 - val_rmse_1: 15.2023 - lr: 8.2191e-04 - 5s/epoch - 8ms/step

Epoch 35: LearningRateScheduler setting learning rate to 0.0008158678741566049.
Epoch 35/500
560/560 - 5s - loss: 19.0194 - mae_1: 19.5116 - rmse_1: 24.4683 - val_loss: 23.5759 - val_mae_1: 24.0752 - val_rmse_1: 26.3587 - lr: 8.1587e-04 - 5s/epoch - 8ms/step

Epoch 36: LearningRateScheduler setting learning rate to 0.0008098505109294638.
Epoch 36/500
560/560 - 5s - loss: 19.1909 - mae_1: 19.6893 - rmse_1: 24.6558 - val_loss: 32.2011 - val_mae_1: 32.6978 - val_rmse_1: 35.0157 - lr: 8.0985e-04 - 5s/epoch - 8ms/step

Epoch 37: LearningRateScheduler setting learning rate to 0.0008038570033200747.
Epoch 37/500
560/560 - 5s - loss: 18.9743 - mae_1: 19.4729 - rmse_1: 24.3375 - val_loss: 37.5291 - val_mae_1: 38.0257 - val_rmse_1: 40.1504 - lr: 8.0386e-04 - 5s/epoch - 8ms/step

Epoch 38: LearningRateScheduler setting learning rate to 0.0007978891546108693.
Epoch 38/500
560/560 - 5s - loss: 19.4087 - mae_1: 19.9045 - rmse_1: 24.8402 - val_loss: 10.7475 - val_mae_1: 11.2433 - val_rmse_1: 14.6009 - lr: 7.9789e-04 - 5s/epoch - 9ms/step

Epoch 39: LearningRateScheduler setting learning rate to 0.0007919486313590454.
Epoch 39/500
560/560 - 5s - loss: 18.8842 - mae_1: 19.3793 - rmse_1: 24.2356 - val_loss: 19.5344 - val_mae_1: 20.0359 - val_rmse_1: 24.1784 - lr: 7.9195e-04 - 5s/epoch - 8ms/step

Epoch 40: LearningRateScheduler setting learning rate to 0.000786036972205168.
Epoch 40/500
560/560 - 5s - loss: 19.5548 - mae_1: 20.0491 - rmse_1: 25.0150 - val_loss: 22.0292 - val_mae_1: 22.5313 - val_rmse_1: 26.5944 - lr: 7.8604e-04 - 5s/epoch - 8ms/step

Epoch 41: LearningRateScheduler setting learning rate to 0.0007801555960213485.
Epoch 41/500
560/560 - 5s - loss: 19.4515 - mae_1: 19.9453 - rmse_1: 24.8579 - val_loss: 13.0938 - val_mae_1: 13.5876 - val_rmse_1: 18.9702 - lr: 7.8016e-04 - 5s/epoch - 8ms/step

Epoch 42: LearningRateScheduler setting learning rate to 0.0007743058094638626.
Epoch 42/500
WARNING:absl:Found untraced functions such as _jit_compiled_convolution_op, _jit_compiled_convolution_op, _jit_compiled_convolution_op, _jit_compiled_convolution_op, _jit_compiled_convolution_op while saving (showing 5 of 5). These functions will not be directly callable after loading.
560/560 - 8s - loss: 19.0875 - mae_1: 19.5809 - rmse_1: 24.4375 - val_loss: 9.9418 - val_mae_1: 10.4342 - val_rmse_1: 14.3553 - lr: 7.7431e-04 - 8s/epoch - 15ms/step

Epoch 43: LearningRateScheduler setting learning rate to 0.0007684888139867389.
Epoch 43/500
WARNING:absl:Found untraced functions such as _jit_compiled_convolution_op, _jit_compiled_convolution_op, _jit_compiled_convolution_op, _jit_compiled_convolution_op, _jit_compiled_convolution_op while saving (showing 5 of 5). These functions will not be directly callable after loading.
560/560 - 8s - loss: 18.9429 - mae_1: 19.4529 - rmse_1: 24.2716 - val_loss: 9.7045 - val_mae_1: 10.1956 - val_rmse_1: 14.1297 - lr: 7.6849e-04 - 8s/epoch - 15ms/step

Epoch 44: LearningRateScheduler setting learning rate to 0.000762705712365853.
Epoch 44/500
560/560 - 5s - loss: 18.7797 - mae_1: 19.2707 - rmse_1: 24.1030 - val_loss: 14.1620 - val_mae_1: 14.6596 - val_rmse_1: 20.8278 - lr: 7.6271e-04 - 5s/epoch - 8ms/step

Epoch 45: LearningRateScheduler setting learning rate to 0.0007569575147770991.
Epoch 45/500
560/560 - 5s - loss: 18.7913 - mae_1: 19.2830 - rmse_1: 24.1215 - val_loss: 16.8637 - val_mae_1: 17.3621 - val_rmse_1: 19.7597 - lr: 7.5696e-04 - 5s/epoch - 8ms/step

Epoch 46: LearningRateScheduler setting learning rate to 0.0007512451444671404.
Epoch 46/500
560/560 - 5s - loss: 18.8703 - mae_1: 19.3640 - rmse_1: 24.0849 - val_loss: 18.6339 - val_mae_1: 19.1335 - val_rmse_1: 21.2259 - lr: 7.5125e-04 - 5s/epoch - 9ms/step

Epoch 47: LearningRateScheduler setting learning rate to 0.0007455694430508977.
Epoch 47/500
WARNING:absl:Found untraced functions such as _jit_compiled_convolution_op, _jit_compiled_convolution_op, _jit_compiled_convolution_op, _jit_compiled_convolution_op, _jit_compiled_convolution_op while saving (showing 5 of 5). These functions will not be directly callable after loading.
560/560 - 8s - loss: 18.7220 - mae_1: 19.2139 - rmse_1: 24.1408 - val_loss: 9.5216 - val_mae_1: 10.0132 - val_rmse_1: 14.0603 - lr: 7.4557e-04 - 8s/epoch - 14ms/step

Epoch 48: LearningRateScheduler setting learning rate to 0.000739931175466195.
Epoch 48/500
560/560 - 5s - loss: 18.5154 - mae_1: 19.0099 - rmse_1: 23.8414 - val_loss: 24.5366 - val_mae_1: 25.0386 - val_rmse_1: 28.8503 - lr: 7.3993e-04 - 5s/epoch - 8ms/step

Epoch 49: LearningRateScheduler setting learning rate to 0.000734331034612756.
Epoch 49/500
560/560 - 5s - loss: 18.6228 - mae_1: 19.1171 - rmse_1: 23.9184 - val_loss: 12.5661 - val_mae_1: 13.0661 - val_rmse_1: 15.9796 - lr: 7.3433e-04 - 5s/epoch - 8ms/step

Epoch 50: LearningRateScheduler setting learning rate to 0.0007287696456999478.
Epoch 50/500
560/560 - 5s - loss: 18.9189 - mae_1: 19.4158 - rmse_1: 24.2131 - val_loss: 19.6898 - val_mae_1: 20.1908 - val_rmse_1: 22.2050 - lr: 7.2877e-04 - 5s/epoch - 9ms/step

Epoch 51: LearningRateScheduler setting learning rate to 0.000723247570325225.
Epoch 51/500
560/560 - 5s - loss: 18.4552 - mae_1: 18.9479 - rmse_1: 23.6358 - val_loss: 24.7684 - val_mae_1: 25.2699 - val_rmse_1: 28.7465 - lr: 7.2325e-04 - 5s/epoch - 8ms/step

Epoch 52: LearningRateScheduler setting learning rate to 0.0007177653103031024.
Epoch 52/500
560/560 - 5s - loss: 19.0266 - mae_1: 19.5170 - rmse_1: 24.4085 - val_loss: 14.1667 - val_mae_1: 14.6626 - val_rmse_1: 19.6142 - lr: 7.1777e-04 - 5s/epoch - 8ms/step

Epoch 53: LearningRateScheduler setting learning rate to 0.0007123233112626172.
Epoch 53/500
560/560 - 5s - loss: 18.3469 - mae_1: 18.8426 - rmse_1: 23.6083 - val_loss: 14.3111 - val_mae_1: 14.8100 - val_rmse_1: 17.5409 - lr: 7.1232e-04 - 5s/epoch - 8ms/step

Epoch 54: LearningRateScheduler setting learning rate to 0.0007069219660295846.
Epoch 54/500
560/560 - 4s - loss: 18.4211 - mae_1: 18.9235 - rmse_1: 23.6300 - val_loss: 39.1463 - val_mae_1: 39.6502 - val_rmse_1: 41.9746 - lr: 7.0692e-04 - 4s/epoch - 8ms/step

Epoch 55: LearningRateScheduler setting learning rate to 0.0007015616178085106.
Epoch 55/500
560/560 - 5s - loss: 18.8039 - mae_1: 19.2983 - rmse_1: 24.1340 - val_loss: 13.2821 - val_mae_1: 13.7788 - val_rmse_1: 18.7973 - lr: 7.0156e-04 - 5s/epoch - 8ms/step

Epoch 56: LearningRateScheduler setting learning rate to 0.000696242563177726.
Epoch 56/500
560/560 - 5s - loss: 18.2601 - mae_1: 18.7551 - rmse_1: 23.4857 - val_loss: 14.2387 - val_mae_1: 14.7378 - val_rmse_1: 17.1600 - lr: 6.9624e-04 - 5s/epoch - 9ms/step

Epoch 57: LearningRateScheduler setting learning rate to 0.00069096505491016.
Epoch 57/500
560/560 - 5s - loss: 18.4808 - mae_1: 18.9745 - rmse_1: 23.7955 - val_loss: 11.8996 - val_mae_1: 12.3929 - val_rmse_1: 17.5167 - lr: 6.9097e-04 - 5s/epoch - 8ms/step

Epoch 58: LearningRateScheduler setting learning rate to 0.0006857293046311517.
Epoch 58/500
560/560 - 5s - loss: 18.7711 - mae_1: 19.2607 - rmse_1: 24.0246 - val_loss: 10.2066 - val_mae_1: 10.6963 - val_rmse_1: 15.8635 - lr: 6.8573e-04 - 5s/epoch - 8ms/step

Epoch 59: LearningRateScheduler setting learning rate to 0.0006805354853237785.
Epoch 59/500
560/560 - 5s - loss: 18.3213 - mae_1: 18.8142 - rmse_1: 23.5316 - val_loss: 10.2446 - val_mae_1: 10.7405 - val_rmse_1: 13.9567 - lr: 6.8054e-04 - 5s/epoch - 8ms/step

Epoch 60: LearningRateScheduler setting learning rate to 0.0006753837336913544.
Epoch 60/500
560/560 - 5s - loss: 18.0954 - mae_1: 18.5943 - rmse_1: 23.3411 - val_loss: 29.8607 - val_mae_1: 30.3582 - val_rmse_1: 32.4764 - lr: 6.7538e-04 - 5s/epoch - 8ms/step

Epoch 61: LearningRateScheduler setting learning rate to 0.0006702741523860155.
Epoch 61/500
560/560 - 5s - loss: 18.4667 - mae_1: 18.9651 - rmse_1: 23.7463 - val_loss: 15.3692 - val_mae_1: 15.8669 - val_rmse_1: 18.1969 - lr: 6.7027e-04 - 5s/epoch - 9ms/step

Epoch 62: LearningRateScheduler setting learning rate to 0.000665206812111639.
Epoch 62/500
560/560 - 5s - loss: 17.9651 - mae_1: 18.4575 - rmse_1: 23.1312 - val_loss: 21.0830 - val_mae_1: 21.5824 - val_rmse_1: 23.7078 - lr: 6.6521e-04 - 5s/epoch - 8ms/step

Epoch 63: LearningRateScheduler setting learning rate to 0.0006601817536087315.
Epoch 63/500
560/560 - 5s - loss: 18.6125 - mae_1: 19.1057 - rmse_1: 23.9290 - val_loss: 14.2968 - val_mae_1: 14.7945 - val_rmse_1: 19.4708 - lr: 6.6018e-04 - 5s/epoch - 8ms/step

Epoch 64: LearningRateScheduler setting learning rate to 0.0006551989895283807.
Epoch 64/500
WARNING:absl:Found untraced functions such as _jit_compiled_convolution_op, _jit_compiled_convolution_op, _jit_compiled_convolution_op, _jit_compiled_convolution_op, _jit_compiled_convolution_op while saving (showing 5 of 5). These functions will not be directly callable after loading.
560/560 - 8s - loss: 17.9954 - mae_1: 18.4861 - rmse_1: 23.1760 - val_loss: 9.2680 - val_mae_1: 9.7581 - val_rmse_1: 13.5053 - lr: 6.5520e-04 - 8s/epoch - 14ms/step

Epoch 65: LearningRateScheduler setting learning rate to 0.0006502585062018565.
Epoch 65/500
560/560 - 5s - loss: 18.1571 - mae_1: 18.6511 - rmse_1: 23.3968 - val_loss: 14.3201 - val_mae_1: 14.8193 - val_rmse_1: 19.3596 - lr: 6.5026e-04 - 5s/epoch - 9ms/step

Epoch 66: LearningRateScheduler setting learning rate to 0.0006453602653119955.
Epoch 66/500
560/560 - 5s - loss: 18.0678 - mae_1: 18.5696 - rmse_1: 23.2708 - val_loss: 9.8567 - val_mae_1: 10.3514 - val_rmse_1: 13.8859 - lr: 6.4536e-04 - 5s/epoch - 8ms/step

Epoch 67: LearningRateScheduler setting learning rate to 0.000640504205472084.
Epoch 67/500
560/560 - 5s - loss: 18.2630 - mae_1: 18.7584 - rmse_1: 23.4804 - val_loss: 26.8819 - val_mae_1: 27.3801 - val_rmse_1: 29.4932 - lr: 6.4050e-04 - 5s/epoch - 8ms/step

Epoch 68: LearningRateScheduler setting learning rate to 0.0006356902437175744.
Epoch 68/500
560/560 - 5s - loss: 17.7863 - mae_1: 18.2834 - rmse_1: 22.9472 - val_loss: 10.4164 - val_mae_1: 10.9098 - val_rmse_1: 14.1664 - lr: 6.3569e-04 - 5s/epoch - 8ms/step

Epoch 69: LearningRateScheduler setting learning rate to 0.0006309182769156146.
Epoch 69/500
560/560 - 5s - loss: 18.3065 - mae_1: 18.8026 - rmse_1: 23.4731 - val_loss: 10.9751 - val_mae_1: 11.4702 - val_rmse_1: 14.4099 - lr: 6.3092e-04 - 5s/epoch - 8ms/step

Epoch 70: LearningRateScheduler setting learning rate to 0.0006261881830970527.
Epoch 70/500
560/560 - 5s - loss: 18.3540 - mae_1: 18.8482 - rmse_1: 23.5184 - val_loss: 10.5354 - val_mae_1: 11.0260 - val_rmse_1: 15.5223 - lr: 6.2619e-04 - 5s/epoch - 8ms/step

Epoch 71: LearningRateScheduler setting learning rate to 0.000621499822715279.
Epoch 71/500
560/560 - 5s - loss: 17.9423 - mae_1: 18.4368 - rmse_1: 23.0231 - val_loss: 12.2667 - val_mae_1: 12.7672 - val_rmse_1: 15.7052 - lr: 6.2150e-04 - 5s/epoch - 9ms/step

Epoch 72: LearningRateScheduler setting learning rate to 0.0006168530398359932.
Epoch 72/500
560/560 - 5s - loss: 18.1399 - mae_1: 18.6337 - rmse_1: 23.3180 - val_loss: 15.8818 - val_mae_1: 16.3790 - val_rmse_1: 20.7510 - lr: 6.1685e-04 - 5s/epoch - 8ms/step

Epoch 73: LearningRateScheduler setting learning rate to 0.0006122476632617302.
Epoch 73/500
560/560 - 5s - loss: 17.8480 - mae_1: 18.3368 - rmse_1: 22.8920 - val_loss: 9.9108 - val_mae_1: 10.4017 - val_rmse_1: 15.1367 - lr: 6.1225e-04 - 5s/epoch - 8ms/step

Epoch 74: LearningRateScheduler setting learning rate to 0.0006076835075947464.
Epoch 74/500
560/560 - 5s - loss: 18.0592 - mae_1: 18.5518 - rmse_1: 23.2205 - val_loss: 14.4897 - val_mae_1: 14.9875 - val_rmse_1: 19.0848 - lr: 6.0768e-04 - 5s/epoch - 8ms/step

Epoch 75: LearningRateScheduler setting learning rate to 0.0006031603742416457.
Epoch 75/500
560/560 - 5s - loss: 17.8764 - mae_1: 18.3739 - rmse_1: 23.1112 - val_loss: 12.9145 - val_mae_1: 13.4121 - val_rmse_1: 15.9678 - lr: 6.0316e-04 - 5s/epoch - 8ms/step

Epoch 76: LearningRateScheduler setting learning rate to 0.0005986780523629243.
Epoch 76/500
560/560 - 5s - loss: 18.3185 - mae_1: 18.8131 - rmse_1: 23.4386 - val_loss: 10.4374 - val_mae_1: 10.9285 - val_rmse_1: 16.0390 - lr: 5.9868e-04 - 5s/epoch - 9ms/step

Epoch 77: LearningRateScheduler setting learning rate to 0.0005942363197704277.
Epoch 77/500
560/560 - 5s - loss: 18.3889 - mae_1: 18.8796 - rmse_1: 23.5865 - val_loss: 12.2801 - val_mae_1: 12.7738 - val_rmse_1: 17.6205 - lr: 5.9424e-04 - 5s/epoch - 8ms/step

Epoch 78: LearningRateScheduler setting learning rate to 0.0005898349437755316.
Epoch 78/500
560/560 - 5s - loss: 18.1809 - mae_1: 18.6740 - rmse_1: 23.3558 - val_loss: 13.3685 - val_mae_1: 13.8664 - val_rmse_1: 16.3607 - lr: 5.8983e-04 - 5s/epoch - 8ms/step

Epoch 79: LearningRateScheduler setting learning rate to 0.0005854736819907025.
Epoch 79/500
560/560 - 5s - loss: 18.0068 - mae_1: 18.4999 - rmse_1: 23.1682 - val_loss: 12.0601 - val_mae_1: 12.5569 - val_rmse_1: 17.0528 - lr: 5.8547e-04 - 5s/epoch - 8ms/step

Epoch 80: LearningRateScheduler setting learning rate to 0.0005811522830869338.
Epoch 80/500
560/560 - 5s - loss: 18.4483 - mae_1: 18.9389 - rmse_1: 23.5950 - val_loss: 14.0826 - val_mae_1: 14.5805 - val_rmse_1: 19.1515 - lr: 5.8115e-04 - 5s/epoch - 8ms/step

Epoch 81: LearningRateScheduler setting learning rate to 0.0005768704875094186.
Epoch 81/500
560/560 - 5s - loss: 17.8191 - mae_1: 18.3170 - rmse_1: 22.8275 - val_loss: 11.7409 - val_mae_1: 12.2367 - val_rmse_1: 16.7526 - lr: 5.7687e-04 - 5s/epoch - 9ms/step

Epoch 82: LearningRateScheduler setting learning rate to 0.0005726280281536789.
Epoch 82/500
560/560 - 5s - loss: 17.7840 - mae_1: 18.2750 - rmse_1: 22.8796 - val_loss: 10.8695 - val_mae_1: 11.3655 - val_rmse_1: 14.3174 - lr: 5.7263e-04 - 5s/epoch - 8ms/step

Epoch 83: LearningRateScheduler setting learning rate to 0.0005684246310042526.
Epoch 83/500
560/560 - 5s - loss: 17.9303 - mae_1: 18.4303 - rmse_1: 23.0237 - val_loss: 10.0038 - val_mae_1: 10.4935 - val_rmse_1: 14.0154 - lr: 5.6842e-04 - 5s/epoch - 8ms/step

Epoch 84: LearningRateScheduler setting learning rate to 0.0005642600157379201.
Epoch 84/500
560/560 - 5s - loss: 17.7194 - mae_1: 18.2125 - rmse_1: 22.7396 - val_loss: 12.3752 - val_mae_1: 12.8722 - val_rmse_1: 15.4613 - lr: 5.6426e-04 - 5s/epoch - 8ms/step

Epoch 85: LearningRateScheduler setting learning rate to 0.0005601338962933402.
Epoch 85/500
560/560 - 5s - loss: 17.7031 - mae_1: 18.1952 - rmse_1: 22.7695 - val_loss: 25.9082 - val_mae_1: 26.4079 - val_rmse_1: 28.6145 - lr: 5.6013e-04 - 5s/epoch - 8ms/step

Epoch 86: LearningRateScheduler setting learning rate to 0.0005560459814088686.
Epoch 86/500
WARNING:absl:Found untraced functions such as _jit_compiled_convolution_op, _jit_compiled_convolution_op, _jit_compiled_convolution_op, _jit_compiled_convolution_op, _jit_compiled_convolution_op while saving (showing 5 of 5). These functions will not be directly callable after loading.
560/560 - 9s - loss: 17.9591 - mae_1: 18.4534 - rmse_1: 23.1071 - val_loss: 9.0777 - val_mae_1: 9.5670 - val_rmse_1: 13.8314 - lr: 5.5605e-04 - 9s/epoch - 16ms/step

Epoch 87: LearningRateScheduler setting learning rate to 0.0005519959751302285.
Epoch 87/500
560/560 - 5s - loss: 17.7377 - mae_1: 18.2303 - rmse_1: 22.8522 - val_loss: 13.9879 - val_mae_1: 14.4873 - val_rmse_1: 16.8102 - lr: 5.5200e-04 - 5s/epoch - 8ms/step

Epoch 88: LearningRateScheduler setting learning rate to 0.0005479835772896164.
Epoch 88/500
560/560 - 5s - loss: 17.6871 - mae_1: 18.1780 - rmse_1: 22.8206 - val_loss: 9.2113 - val_mae_1: 9.7003 - val_rmse_1: 13.9057 - lr: 5.4798e-04 - 5s/epoch - 8ms/step

Epoch 89: LearningRateScheduler setting learning rate to 0.0005440084839577386.
Epoch 89/500
WARNING:absl:Found untraced functions such as _jit_compiled_convolution_op, _jit_compiled_convolution_op, _jit_compiled_convolution_op, _jit_compiled_convolution_op, _jit_compiled_convolution_op while saving (showing 5 of 5). These functions will not be directly callable after loading.
560/560 - 8s - loss: 17.3107 - mae_1: 17.8077 - rmse_1: 22.3081 - val_loss: 8.9251 - val_mae_1: 9.4141 - val_rmse_1: 13.1794 - lr: 5.4401e-04 - 8s/epoch - 14ms/step

Epoch 90: LearningRateScheduler setting learning rate to 0.0005400703878701944.
Epoch 90/500
560/560 - 5s - loss: 17.6978 - mae_1: 18.1978 - rmse_1: 22.7949 - val_loss: 9.7382 - val_mae_1: 10.2311 - val_rmse_1: 13.4575 - lr: 5.4007e-04 - 5s/epoch - 9ms/step

Epoch 91: LearningRateScheduler setting learning rate to 0.0005361689788295476.
Epoch 91/500
560/560 - 5s - loss: 17.6382 - mae_1: 18.1293 - rmse_1: 22.6508 - val_loss: 21.9806 - val_mae_1: 22.4802 - val_rmse_1: 24.6070 - lr: 5.3617e-04 - 5s/epoch - 9ms/step

Epoch 92: LearningRateScheduler setting learning rate to 0.0005323039440843524.
Epoch 92/500
560/560 - 5s - loss: 17.6660 - mae_1: 18.1564 - rmse_1: 22.7202 - val_loss: 9.2297 - val_mae_1: 9.7199 - val_rmse_1: 13.2704 - lr: 5.3230e-04 - 5s/epoch - 8ms/step

Epoch 93: LearningRateScheduler setting learning rate to 0.0005284749686863357.
Epoch 93/500
WARNING:absl:Found untraced functions such as _jit_compiled_convolution_op, _jit_compiled_convolution_op, _jit_compiled_convolution_op, _jit_compiled_convolution_op, _jit_compiled_convolution_op while saving (showing 5 of 5). These functions will not be directly callable after loading.
560/560 - 8s - loss: 17.9699 - mae_1: 18.4631 - rmse_1: 22.9544 - val_loss: 8.8232 - val_mae_1: 9.3143 - val_rmse_1: 13.2025 - lr: 5.2847e-04 - 8s/epoch - 15ms/step

Epoch 94: LearningRateScheduler setting learning rate to 0.0005246817358268764.
Epoch 94/500
560/560 - 5s - loss: 17.8273 - mae_1: 18.3226 - rmse_1: 22.9309 - val_loss: 9.0613 - val_mae_1: 9.5516 - val_rmse_1: 13.3917 - lr: 5.2468e-04 - 5s/epoch - 8ms/step

Epoch 95: LearningRateScheduler setting learning rate to 0.0005209239271538555.
Epoch 95/500
560/560 - 5s - loss: 17.6045 - mae_1: 18.1032 - rmse_1: 22.5968 - val_loss: 21.9571 - val_mae_1: 22.4555 - val_rmse_1: 24.7407 - lr: 5.2092e-04 - 5s/epoch - 9ms/step

Epoch 96: LearningRateScheduler setting learning rate to 0.0005172012230699016.
Epoch 96/500
560/560 - 5s - loss: 17.7314 - mae_1: 18.2281 - rmse_1: 22.7628 - val_loss: 12.2618 - val_mae_1: 12.7583 - val_rmse_1: 15.3219 - lr: 5.1720e-04 - 5s/epoch - 8ms/step

Epoch 97: LearningRateScheduler setting learning rate to 0.0005135133030129995.
Epoch 97/500
560/560 - 5s - loss: 17.8741 - mae_1: 18.3677 - rmse_1: 22.9055 - val_loss: 9.5386 - val_mae_1: 10.0299 - val_rmse_1: 13.9283 - lr: 5.1351e-04 - 5s/epoch - 8ms/step

Epoch 98: LearningRateScheduler setting learning rate to 0.000509859845720377.
Epoch 98/500
560/560 - 5s - loss: 17.3074 - mae_1: 17.8032 - rmse_1: 22.3479 - val_loss: 14.0541 - val_mae_1: 14.5538 - val_rmse_1: 17.0714 - lr: 5.0986e-04 - 5s/epoch - 8ms/step

Epoch 99: LearningRateScheduler setting learning rate to 0.0005062405294765438.
Epoch 99/500
560/560 - 5s - loss: 17.6103 - mae_1: 18.1036 - rmse_1: 22.7097 - val_loss: 8.9098 - val_mae_1: 9.3979 - val_rmse_1: 13.7391 - lr: 5.0624e-04 - 5s/epoch - 8ms/step

Epoch 100: LearningRateScheduler setting learning rate to 0.0005026550323463055.
Epoch 100/500
560/560 - 5s - loss: 17.6288 - mae_1: 18.1196 - rmse_1: 22.7364 - val_loss: 12.3321 - val_mae_1: 12.8245 - val_rmse_1: 17.0306 - lr: 5.0266e-04 - 5s/epoch - 8ms/step

Epoch 101: LearningRateScheduler setting learning rate to 0.0004991030323935337.
Epoch 101/500
560/560 - 5s - loss: 17.4866 - mae_1: 17.9855 - rmse_1: 22.4801 - val_loss: 27.6281 - val_mae_1: 28.1260 - val_rmse_1: 30.1949 - lr: 4.9910e-04 - 5s/epoch - 9ms/step

Epoch 102: LearningRateScheduler setting learning rate to 0.0004955842078864366.
Epoch 102/500
560/560 - 5s - loss: 17.5648 - mae_1: 18.0615 - rmse_1: 22.5573 - val_loss: 9.5382 - val_mae_1: 10.0320 - val_rmse_1: 13.2154 - lr: 4.9558e-04 - 5s/epoch - 8ms/step

Epoch 103: LearningRateScheduler setting learning rate to 0.000492098237490033.
Epoch 103/500
560/560 - 5s - loss: 17.4541 - mae_1: 17.9468 - rmse_1: 22.4151 - val_loss: 9.7150 - val_mae_1: 10.2084 - val_rmse_1: 13.3790 - lr: 4.9210e-04 - 5s/epoch - 8ms/step

Epoch 104: LearningRateScheduler setting learning rate to 0.0004886448004464966.
Epoch 104/500
560/560 - 5s - loss: 17.8900 - mae_1: 18.3844 - rmse_1: 22.9876 - val_loss: 9.5111 - val_mae_1: 10.0010 - val_rmse_1: 14.4745 - lr: 4.8864e-04 - 5s/epoch - 8ms/step

Epoch 105: LearningRateScheduler setting learning rate to 0.00048522357674400624.
Epoch 105/500
560/560 - 5s - loss: 17.4827 - mae_1: 17.9778 - rmse_1: 22.5050 - val_loss: 9.5890 - val_mae_1: 10.0806 - val_rmse_1: 14.1271 - lr: 4.8522e-04 - 5s/epoch - 8ms/step

Epoch 106: LearningRateScheduler setting learning rate to 0.0004818342472746999.
Epoch 106/500
560/560 - 5s - loss: 17.5087 - mae_1: 18.0019 - rmse_1: 22.4496 - val_loss: 10.1155 - val_mae_1: 10.6125 - val_rmse_1: 13.6131 - lr: 4.8183e-04 - 5s/epoch - 8ms/step

Epoch 107: LearningRateScheduler setting learning rate to 0.00047847649398230756.
Epoch 107/500
560/560 - 5s - loss: 17.5125 - mae_1: 18.0019 - rmse_1: 22.4305 - val_loss: 12.3554 - val_mae_1: 12.8507 - val_rmse_1: 17.1654 - lr: 4.7848e-04 - 5s/epoch - 9ms/step

Epoch 108: LearningRateScheduler setting learning rate to 0.00047515000000000003.
Epoch 108/500
560/560 - 5s - loss: 17.6390 - mae_1: 18.1347 - rmse_1: 22.7149 - val_loss: 9.1352 - val_mae_1: 9.6273 - val_rmse_1: 12.8191 - lr: 4.7515e-04 - 5s/epoch - 8ms/step

Epoch 109: LearningRateScheduler setting learning rate to 0.00047185444977896934.
Epoch 109/500
560/560 - 5s - loss: 17.4480 - mae_1: 17.9392 - rmse_1: 22.5003 - val_loss: 9.7285 - val_mae_1: 10.2189 - val_rmse_1: 14.1975 - lr: 4.7185e-04 - 5s/epoch - 8ms/step

Epoch 110: LearningRateScheduler setting learning rate to 0.00046858952920823.
Epoch 110/500
560/560 - 5s - loss: 17.2891 - mae_1: 17.7849 - rmse_1: 22.2975 - val_loss: 3618.8289 - val_mae_1: 3619.3306 - val_rmse_1: 3619.5137 - lr: 4.6859e-04 - 5s/epoch - 8ms/step

Epoch 111: LearningRateScheduler setting learning rate to 0.00046535492572610164.
Epoch 111/500
560/560 - 5s - loss: 17.5252 - mae_1: 18.0171 - rmse_1: 22.5568 - val_loss: 9.0008 - val_mae_1: 9.4933 - val_rmse_1: 12.9403 - lr: 4.6535e-04 - 5s/epoch - 8ms/step

Epoch 112: LearningRateScheduler setting learning rate to 0.00046215032842381406.
Epoch 112/500
560/560 - 5s - loss: 17.4532 - mae_1: 17.9461 - rmse_1: 22.4320 - val_loss: 10.5865 - val_mae_1: 11.0805 - val_rmse_1: 14.2585 - lr: 4.6215e-04 - 5s/epoch - 8ms/step

Epoch 113: LearningRateScheduler setting learning rate to 0.00045897542814165134.
Epoch 113/500
560/560 - 5s - loss: 17.4215 - mae_1: 17.9253 - rmse_1: 22.4371 - val_loss: 11.3397 - val_mae_1: 11.8319 - val_rmse_1: 16.4117 - lr: 4.5898e-04 - 5s/epoch - 9ms/step

Epoch 114: LearningRateScheduler setting learning rate to 0.0004558299175580325.
Epoch 114/500
560/560 - 5s - loss: 17.4984 - mae_1: 17.9937 - rmse_1: 22.5175 - val_loss: 8.9745 - val_mae_1: 9.4625 - val_rmse_1: 13.5606 - lr: 4.5583e-04 - 5s/epoch - 8ms/step

Epoch 115: LearningRateScheduler setting learning rate to 0.0004527134912719043.
Epoch 115/500
560/560 - 5s - loss: 17.5080 - mae_1: 18.0067 - rmse_1: 22.4963 - val_loss: 9.4202 - val_mae_1: 9.9117 - val_rmse_1: 13.8898 - lr: 4.5271e-04 - 5s/epoch - 8ms/step

Epoch 116: LearningRateScheduler setting learning rate to 0.00044962584587880075.
Epoch 116/500
560/560 - 5s - loss: 17.7772 - mae_1: 18.2745 - rmse_1: 22.8616 - val_loss: 8.8573 - val_mae_1: 9.3468 - val_rmse_1: 12.7433 - lr: 4.4963e-04 - 5s/epoch - 8ms/step

Epoch 117: LearningRateScheduler setting learning rate to 0.00044656668004091477.
Epoch 117/500
WARNING:absl:Found untraced functions such as _jit_compiled_convolution_op, _jit_compiled_convolution_op, _jit_compiled_convolution_op, _jit_compiled_convolution_op, _jit_compiled_convolution_op while saving (showing 5 of 5). These functions will not be directly callable after loading.
560/560 - 8s - loss: 17.8260 - mae_1: 18.3193 - rmse_1: 22.8585 - val_loss: 8.7898 - val_mae_1: 9.2803 - val_rmse_1: 12.7474 - lr: 4.4657e-04 - 8s/epoch - 15ms/step

Epoch 118: LearningRateScheduler setting learning rate to 0.00044353569455149645.
Epoch 118/500
560/560 - 5s - loss: 17.1702 - mae_1: 17.6657 - rmse_1: 22.1120 - val_loss: 11.6323 - val_mae_1: 12.1285 - val_rmse_1: 14.9590 - lr: 4.4354e-04 - 5s/epoch - 9ms/step

Epoch 119: LearningRateScheduler setting learning rate to 0.00044053259239389125.
Epoch 119/500
560/560 - 5s - loss: 17.0625 - mae_1: 17.5562 - rmse_1: 21.9960 - val_loss: 9.2116 - val_mae_1: 9.7022 - val_rmse_1: 13.3572 - lr: 4.4053e-04 - 5s/epoch - 8ms/step

Epoch 120: LearningRateScheduler setting learning rate to 0.0004375570787955022.
Epoch 120/500
560/560 - 5s - loss: 17.4617 - mae_1: 17.9532 - rmse_1: 22.3726 - val_loss: 13.7751 - val_mae_1: 14.2713 - val_rmse_1: 18.0635 - lr: 4.3756e-04 - 5s/epoch - 8ms/step

Epoch 121: LearningRateScheduler setting learning rate to 0.0004346088612769558.
Epoch 121/500
560/560 - 5s - loss: 17.6378 - mae_1: 18.1299 - rmse_1: 22.5598 - val_loss: 11.1014 - val_mae_1: 11.5976 - val_rmse_1: 14.3201 - lr: 4.3461e-04 - 5s/epoch - 8ms/step

Epoch 122: LearningRateScheduler setting learning rate to 0.00043168764969673265.
Epoch 122/500
560/560 - 5s - loss: 17.1645 - mae_1: 17.6610 - rmse_1: 22.0908 - val_loss: 18.0327 - val_mae_1: 18.5320 - val_rmse_1: 20.9968 - lr: 4.3169e-04 - 5s/epoch - 8ms/step

Epoch 123: LearningRateScheduler setting learning rate to 0.0004287931562915115.
Epoch 123/500
560/560 - 5s - loss: 17.1530 - mae_1: 17.6477 - rmse_1: 22.1206 - val_loss: 8.9172 - val_mae_1: 9.4058 - val_rmse_1: 12.9386 - lr: 4.2879e-04 - 5s/epoch - 8ms/step

Epoch 124: LearningRateScheduler setting learning rate to 0.00042592509571246146.
Epoch 124/500
560/560 - 5s - loss: 17.0461 - mae_1: 17.5355 - rmse_1: 22.0009 - val_loss: 17.7540 - val_mae_1: 18.2527 - val_rmse_1: 20.6409 - lr: 4.2593e-04 - 5s/epoch - 9ms/step

Epoch 125: LearningRateScheduler setting learning rate to 0.0004230831850577103.
Epoch 125/500
560/560 - 5s - loss: 17.0565 - mae_1: 17.5487 - rmse_1: 21.9579 - val_loss: 9.8969 - val_mae_1: 10.3898 - val_rmse_1: 14.1122 - lr: 4.2308e-04 - 5s/epoch - 8ms/step

Epoch 126: LearningRateScheduler setting learning rate to 0.000420267143901197.
Epoch 126/500
560/560 - 5s - loss: 17.0918 - mae_1: 17.5828 - rmse_1: 21.9941 - val_loss: 9.5570 - val_mae_1: 10.0502 - val_rmse_1: 13.4135 - lr: 4.2027e-04 - 5s/epoch - 8ms/step

Epoch 127: LearningRateScheduler setting learning rate to 0.00041747669431811587.
Epoch 127/500
560/560 - 5s - loss: 17.3241 - mae_1: 17.8159 - rmse_1: 22.3184 - val_loss: 9.1199 - val_mae_1: 9.6067 - val_rmse_1: 13.6557 - lr: 4.1748e-04 - 5s/epoch - 8ms/step

Epoch 128: LearningRateScheduler setting learning rate to 0.00041471156090713997.
Epoch 128/500
560/560 - 5s - loss: 16.9980 - mae_1: 17.4950 - rmse_1: 21.8716 - val_loss: 10.8321 - val_mae_1: 11.3277 - val_rmse_1: 14.0632 - lr: 4.1471e-04 - 5s/epoch - 8ms/step

Epoch 129: LearningRateScheduler setting learning rate to 0.00041197147080960963.
Epoch 129/500
560/560 - 5s - loss: 17.0294 - mae_1: 17.5233 - rmse_1: 21.9836 - val_loss: 11.5034 - val_mae_1: 12.0007 - val_rmse_1: 14.5946 - lr: 4.1197e-04 - 5s/epoch - 8ms/step

Epoch 130: LearningRateScheduler setting learning rate to 0.0004092561537258565.
Epoch 130/500
560/560 - 5s - loss: 17.0234 - mae_1: 17.5176 - rmse_1: 21.8955 - val_loss: 10.6463 - val_mae_1: 11.1406 - val_rmse_1: 13.9066 - lr: 4.0926e-04 - 5s/epoch - 9ms/step

Epoch 131: LearningRateScheduler setting learning rate to 0.00040656534192883026.
Epoch 131/500
560/560 - 5s - loss: 16.9538 - mae_1: 17.4488 - rmse_1: 21.8017 - val_loss: 21.4341 - val_mae_1: 21.9322 - val_rmse_1: 24.0531 - lr: 4.0657e-04 - 5s/epoch - 8ms/step

Epoch 132: LearningRateScheduler setting learning rate to 0.00040389877027518085.
Epoch 132/500
560/560 - 5s - loss: 17.1863 - mae_1: 17.6819 - rmse_1: 22.0881 - val_loss: 10.4692 - val_mae_1: 10.9618 - val_rmse_1: 15.0057 - lr: 4.0390e-04 - 5s/epoch - 8ms/step

Epoch 133: LearningRateScheduler setting learning rate to 0.00040125617621394877.
Epoch 133/500
560/560 - 5s - loss: 17.3588 - mae_1: 17.8523 - rmse_1: 22.3089 - val_loss: 15.4956 - val_mae_1: 15.9949 - val_rmse_1: 18.5958 - lr: 4.0126e-04 - 5s/epoch - 8ms/step

Epoch 134: LearningRateScheduler setting learning rate to 0.0003986372997929997.
Epoch 134/500
560/560 - 5s - loss: 17.0709 - mae_1: 17.5631 - rmse_1: 21.9989 - val_loss: 15.1261 - val_mae_1: 15.6246 - val_rmse_1: 17.8893 - lr: 3.9864e-04 - 5s/epoch - 8ms/step

Epoch 135: LearningRateScheduler setting learning rate to 0.0003960418836633401.
Epoch 135/500
560/560 - 5s - loss: 17.2231 - mae_1: 17.7144 - rmse_1: 22.1441 - val_loss: 13.2795 - val_mae_1: 13.7769 - val_rmse_1: 17.7813 - lr: 3.9604e-04 - 5s/epoch - 8ms/step

Epoch 136: LearningRateScheduler setting learning rate to 0.0003934696730814399.
Epoch 136/500
560/560 - 5s - loss: 16.9234 - mae_1: 17.4222 - rmse_1: 21.8149 - val_loss: 20.1904 - val_mae_1: 20.6918 - val_rmse_1: 23.8176 - lr: 3.9347e-04 - 5s/epoch - 9ms/step

Epoch 137: LearningRateScheduler setting learning rate to 0.0003909204159096813.
Epoch 137/500
560/560 - 5s - loss: 16.7114 - mae_1: 17.2037 - rmse_1: 21.5659 - val_loss: 11.6957 - val_mae_1: 12.1927 - val_rmse_1: 14.8500 - lr: 3.9092e-04 - 5s/epoch - 8ms/step

Epoch 138: LearningRateScheduler setting learning rate to 0.0003883938626150506.
Epoch 138/500
560/560 - 5s - loss: 16.9661 - mae_1: 17.4631 - rmse_1: 21.9420 - val_loss: 10.3323 - val_mae_1: 10.8261 - val_rmse_1: 13.6200 - lr: 3.8839e-04 - 5s/epoch - 8ms/step

Epoch 139: LearningRateScheduler setting learning rate to 0.0003858897662661782.
Epoch 139/500
560/560 - 5s - loss: 16.8699 - mae_1: 17.3664 - rmse_1: 21.7429 - val_loss: 8.8144 - val_mae_1: 9.3049 - val_rmse_1: 12.9612 - lr: 3.8589e-04 - 5s/epoch - 8ms/step

Epoch 140: LearningRateScheduler setting learning rate to 0.0003834078825288331.
Epoch 140/500
560/560 - 5s - loss: 16.8542 - mae_1: 17.3511 - rmse_1: 21.7111 - val_loss: 14.2695 - val_mae_1: 14.7673 - val_rmse_1: 18.4791 - lr: 3.8341e-04 - 5s/epoch - 8ms/step

Epoch 141: LearningRateScheduler setting learning rate to 0.0003809479696599669.
Epoch 141/500
560/560 - 5s - loss: 16.7000 - mae_1: 17.1940 - rmse_1: 21.5173 - val_loss: 8.8955 - val_mae_1: 9.3843 - val_rmse_1: 13.3784 - lr: 3.8095e-04 - 5s/epoch - 8ms/step

Epoch 142: LearningRateScheduler setting learning rate to 0.0003785097885004002.
Epoch 142/500
560/560 - 5s - loss: 16.6076 - mae_1: 17.1027 - rmse_1: 21.4422 - val_loss: 12.7425 - val_mae_1: 13.2395 - val_rmse_1: 15.8232 - lr: 3.7851e-04 - 5s/epoch - 9ms/step

Epoch 143: LearningRateScheduler setting learning rate to 0.0003760931024662425.
Epoch 143/500
560/560 - 5s - loss: 16.9890 - mae_1: 17.4834 - rmse_1: 21.8569 - val_loss: 9.6040 - val_mae_1: 10.0954 - val_rmse_1: 13.1287 - lr: 3.7609e-04 - 5s/epoch - 8ms/step

Epoch 144: LearningRateScheduler setting learning rate to 0.00037369767753912326.
Epoch 144/500
560/560 - 5s - loss: 16.8216 - mae_1: 17.3127 - rmse_1: 21.6438 - val_loss: 9.0199 - val_mae_1: 9.5106 - val_rmse_1: 12.7282 - lr: 3.7370e-04 - 5s/epoch - 8ms/step

Epoch 145: LearningRateScheduler setting learning rate to 0.00037132328225531884.
Epoch 145/500
560/560 - 5s - loss: 17.0426 - mae_1: 17.5370 - rmse_1: 21.9257 - val_loss: 9.0632 - val_mae_1: 9.5505 - val_rmse_1: 13.6781 - lr: 3.7132e-04 - 5s/epoch - 8ms/step

Epoch 146: LearningRateScheduler setting learning rate to 0.0003689696876938465.
Epoch 146/500
560/560 - 5s - loss: 16.6545 - mae_1: 17.1512 - rmse_1: 21.6307 - val_loss: 22.3854 - val_mae_1: 22.8843 - val_rmse_1: 24.9340 - lr: 3.6897e-04 - 5s/epoch - 8ms/step

Epoch 147: LearningRateScheduler setting learning rate to 0.00036663666746359816.
Epoch 147/500
WARNING:absl:Found untraced functions such as _jit_compiled_convolution_op, _jit_compiled_convolution_op, _jit_compiled_convolution_op, _jit_compiled_convolution_op, _jit_compiled_convolution_op while saving (showing 5 of 5). These functions will not be directly callable after loading.
560/560 - 8s - loss: 16.8690 - mae_1: 17.3632 - rmse_1: 21.7202 - val_loss: 8.6262 - val_mae_1: 9.1150 - val_rmse_1: 12.8603 - lr: 3.6664e-04 - 8s/epoch - 15ms/step

Epoch 148: LearningRateScheduler setting learning rate to 0.00036432399768958134.
Epoch 148/500
560/560 - 5s - loss: 16.8234 - mae_1: 17.3182 - rmse_1: 21.6808 - val_loss: 13.5405 - val_mae_1: 14.0370 - val_rmse_1: 16.6285 - lr: 3.6432e-04 - 5s/epoch - 9ms/step

Epoch 149: LearningRateScheduler setting learning rate to 0.00036203145699833074.
Epoch 149/500
560/560 - 5s - loss: 16.8446 - mae_1: 17.3383 - rmse_1: 21.7303 - val_loss: 9.1236 - val_mae_1: 9.6156 - val_rmse_1: 12.7135 - lr: 3.6203e-04 - 5s/epoch - 8ms/step

Epoch 150: LearningRateScheduler setting learning rate to 0.00035975882650255054.
Epoch 150/500
560/560 - 5s - loss: 16.9649 - mae_1: 17.4588 - rmse_1: 21.8378 - val_loss: 9.1007 - val_mae_1: 9.5926 - val_rmse_1: 12.6759 - lr: 3.5976e-04 - 5s/epoch - 8ms/step

Epoch 151: LearningRateScheduler setting learning rate to 0.00035750588978504646.
Epoch 151/500
560/560 - 5s - loss: 16.6365 - mae_1: 17.1273 - rmse_1: 21.4343 - val_loss: 9.3431 - val_mae_1: 9.8331 - val_rmse_1: 12.9640 - lr: 3.5751e-04 - 5s/epoch - 8ms/step

Epoch 152: LearningRateScheduler setting learning rate to 0.0003552724328819997.
Epoch 152/500
560/560 - 5s - loss: 16.7415 - mae_1: 17.2289 - rmse_1: 21.5608 - val_loss: 8.7061 - val_mae_1: 9.1968 - val_rmse_1: 12.8434 - lr: 3.5527e-04 - 5s/epoch - 8ms/step

Epoch 153: LearningRateScheduler setting learning rate to 0.0003530582442656361.
Epoch 153/500
560/560 - 5s - loss: 16.7417 - mae_1: 17.2350 - rmse_1: 21.5625 - val_loss: 11.2370 - val_mae_1: 11.7333 - val_rmse_1: 14.3605 - lr: 3.5306e-04 - 5s/epoch - 8ms/step

Epoch 154: LearningRateScheduler setting learning rate to 0.00035086311482633874.
Epoch 154/500
560/560 - 5s - loss: 16.6712 - mae_1: 17.1659 - rmse_1: 21.4539 - val_loss: 9.1775 - val_mae_1: 9.6699 - val_rmse_1: 12.9386 - lr: 3.5086e-04 - 5s/epoch - 9ms/step

Epoch 155: LearningRateScheduler setting learning rate to 0.00034868683785424916.
Epoch 155/500
560/560 - 5s - loss: 16.7185 - mae_1: 17.2167 - rmse_1: 21.5093 - val_loss: 9.6439 - val_mae_1: 10.1385 - val_rmse_1: 13.3197 - lr: 3.4869e-04 - 5s/epoch - 9ms/step

Epoch 156: LearningRateScheduler setting learning rate to 0.000346529209020402.
Epoch 156/500
560/560 - 5s - loss: 16.6813 - mae_1: 17.1792 - rmse_1: 21.5290 - val_loss: 9.8513 - val_mae_1: 10.3424 - val_rmse_1: 14.3427 - lr: 3.4653e-04 - 5s/epoch - 8ms/step

Epoch 157: LearningRateScheduler setting learning rate to 0.00034439002635743465.
Epoch 157/500
WARNING:absl:Found untraced functions such as _jit_compiled_convolution_op, _jit_compiled_convolution_op, _jit_compiled_convolution_op, _jit_compiled_convolution_op, _jit_compiled_convolution_op while saving (showing 5 of 5). These functions will not be directly callable after loading.
560/560 - 8s - loss: 16.6017 - mae_1: 17.1035 - rmse_1: 21.4624 - val_loss: 8.5930 - val_mae_1: 9.0842 - val_rmse_1: 12.5157 - lr: 3.4439e-04 - 8s/epoch - 14ms/step

Epoch 158: LearningRateScheduler setting learning rate to 0.0003422690902399099.
Epoch 158/500
560/560 - 5s - loss: 17.0787 - mae_1: 17.5729 - rmse_1: 21.9370 - val_loss: 8.7316 - val_mae_1: 9.2206 - val_rmse_1: 12.9278 - lr: 3.4227e-04 - 5s/epoch - 8ms/step

Epoch 159: LearningRateScheduler setting learning rate to 0.0003401662033642893.
Epoch 159/500
560/560 - 5s - loss: 16.7443 - mae_1: 17.2368 - rmse_1: 21.5188 - val_loss: 12.1970 - val_mae_1: 12.6930 - val_rmse_1: 16.9148 - lr: 3.4017e-04 - 5s/epoch - 9ms/step

Epoch 160: LearningRateScheduler setting learning rate to 0.00033808117072859153.
Epoch 160/500
WARNING:absl:Found untraced functions such as _jit_compiled_convolution_op, _jit_compiled_convolution_op, _jit_compiled_convolution_op, _jit_compiled_convolution_op, _jit_compiled_convolution_op while saving (showing 5 of 5). These functions will not be directly callable after loading.
560/560 - 8s - loss: 16.6198 - mae_1: 17.1091 - rmse_1: 21.4483 - val_loss: 8.3633 - val_mae_1: 8.8535 - val_rmse_1: 12.2832 - lr: 3.3808e-04 - 8s/epoch - 15ms/step

Epoch 161: LearningRateScheduler setting learning rate to 0.0003360137996117707.
Epoch 161/500
560/560 - 5s - loss: 16.6075 - mae_1: 17.1026 - rmse_1: 21.4254 - val_loss: 10.3708 - val_mae_1: 10.8629 - val_rmse_1: 14.8581 - lr: 3.3601e-04 - 5s/epoch - 8ms/step

Epoch 162: LearningRateScheduler setting learning rate to 0.00033396389955284313.
Epoch 162/500
560/560 - 5s - loss: 16.5291 - mae_1: 17.0186 - rmse_1: 21.3617 - val_loss: 9.0475 - val_mae_1: 9.5362 - val_rmse_1: 13.7664 - lr: 3.3396e-04 - 5s/epoch - 8ms/step

Epoch 163: LearningRateScheduler setting learning rate to 0.0003319312823297944.
Epoch 163/500
560/560 - 5s - loss: 16.6426 - mae_1: 17.1362 - rmse_1: 21.4672 - val_loss: 8.5684 - val_mae_1: 9.0584 - val_rmse_1: 12.5076 - lr: 3.3193e-04 - 5s/epoch - 8ms/step

Epoch 164: LearningRateScheduler setting learning rate to 0.00032991576193829275.
Epoch 164/500
560/560 - 5s - loss: 16.5017 - mae_1: 16.9958 - rmse_1: 21.3282 - val_loss: 10.4301 - val_mae_1: 10.9252 - val_rmse_1: 13.5515 - lr: 3.2992e-04 - 5s/epoch - 8ms/step

Epoch 165: LearningRateScheduler setting learning rate to 0.0003279171545702371.
Epoch 165/500
560/560 - 4s - loss: 16.6217 - mae_1: 17.1155 - rmse_1: 21.3403 - val_loss: 8.5182 - val_mae_1: 9.0069 - val_rmse_1: 12.5690 - lr: 3.2792e-04 - 4s/epoch - 8ms/step

Epoch 166: LearningRateScheduler setting learning rate to 0.0003259352785921623.
Epoch 166/500
560/560 - 4s - loss: 16.4514 - mae_1: 16.9422 - rmse_1: 21.2114 - val_loss: 9.2432 - val_mae_1: 9.7356 - val_rmse_1: 12.8559 - lr: 3.2594e-04 - 4s/epoch - 8ms/step

Epoch 167: LearningRateScheduler setting learning rate to 0.00032396995452352735.
Epoch 167/500
560/560 - 4s - loss: 16.7023 - mae_1: 17.2016 - rmse_1: 21.4578 - val_loss: 16.9428 - val_mae_1: 17.4418 - val_rmse_1: 20.8453 - lr: 3.2397e-04 - 4s/epoch - 8ms/step

Epoch 168: LearningRateScheduler setting learning rate to 0.00032202100501490567.
Epoch 168/500
560/560 - 5s - loss: 16.4665 - mae_1: 16.9592 - rmse_1: 21.2767 - val_loss: 10.9744 - val_mae_1: 11.4699 - val_rmse_1: 14.2757 - lr: 3.2202e-04 - 5s/epoch - 8ms/step

Epoch 169: LearningRateScheduler setting learning rate to 0.00032008825482610195.
Epoch 169/500
560/560 - 4s - loss: 16.5424 - mae_1: 17.0371 - rmse_1: 21.3381 - val_loss: 17.5428 - val_mae_1: 18.0420 - val_rmse_1: 21.4633 - lr: 3.2009e-04 - 4s/epoch - 8ms/step

Epoch 170: LearningRateScheduler setting learning rate to 0.0003181715308042117.
Epoch 170/500
560/560 - 4s - loss: 16.5358 - mae_1: 17.0293 - rmse_1: 21.2998 - val_loss: 13.1555 - val_mae_1: 13.6518 - val_rmse_1: 17.7896 - lr: 3.1817e-04 - 4s/epoch - 8ms/step

Epoch 171: LearningRateScheduler setting learning rate to 0.000316270661861644.
Epoch 171/500
560/560 - 5s - loss: 16.5077 - mae_1: 17.0001 - rmse_1: 21.2689 - val_loss: 11.0984 - val_mae_1: 11.5938 - val_rmse_1: 14.3924 - lr: 3.1627e-04 - 5s/epoch - 8ms/step

Epoch 172: LearningRateScheduler setting learning rate to 0.00031438547895412395.
Epoch 172/500
560/560 - 4s - loss: 16.4152 - mae_1: 16.9079 - rmse_1: 21.1689 - val_loss: 10.7117 - val_mae_1: 11.2019 - val_rmse_1: 15.2613 - lr: 3.1439e-04 - 4s/epoch - 8ms/step

Epoch 173: LearningRateScheduler setting learning rate to 0.00031251581505869135.
Epoch 173/500
560/560 - 4s - loss: 16.5232 - mae_1: 17.0127 - rmse_1: 21.2512 - val_loss: 9.2751 - val_mae_1: 9.7679 - val_rmse_1: 12.7831 - lr: 3.1252e-04 - 4s/epoch - 8ms/step

Epoch 174: LearningRateScheduler setting learning rate to 0.0003106615051517109.
Epoch 174/500
560/560 - 4s - loss: 16.2837 - mae_1: 16.7811 - rmse_1: 21.0437 - val_loss: 10.2820 - val_mae_1: 10.7765 - val_rmse_1: 13.5579 - lr: 3.1066e-04 - 4s/epoch - 8ms/step

Epoch 175: LearningRateScheduler setting learning rate to 0.0003088223861869079.
Epoch 175/500
560/560 - 5s - loss: 16.6061 - mae_1: 17.0986 - rmse_1: 21.3706 - val_loss: 8.9652 - val_mae_1: 9.4552 - val_rmse_1: 13.1076 - lr: 3.0882e-04 - 5s/epoch - 8ms/step

Epoch 176: LearningRateScheduler setting learning rate to 0.0003069982970734439.
Epoch 176/500
560/560 - 4s - loss: 16.2628 - mae_1: 16.7608 - rmse_1: 20.9791 - val_loss: 14.7406 - val_mae_1: 15.2388 - val_rmse_1: 17.6451 - lr: 3.0700e-04 - 4s/epoch - 8ms/step

Epoch 177: LearningRateScheduler setting learning rate to 0.00030518907865404387.
Epoch 177/500
560/560 - 4s - loss: 16.3882 - mae_1: 16.8790 - rmse_1: 21.1418 - val_loss: 9.4672 - val_mae_1: 9.9602 - val_rmse_1: 12.8101 - lr: 3.0519e-04 - 4s/epoch - 8ms/step

Epoch 178: LearningRateScheduler setting learning rate to 0.00030339457368318675.
Epoch 178/500
560/560 - 5s - loss: 16.2370 - mae_1: 16.7309 - rmse_1: 20.9904 - val_loss: 9.8152 - val_mae_1: 10.3063 - val_rmse_1: 14.4011 - lr: 3.0339e-04 - 5s/epoch - 8ms/step

Epoch 179: LearningRateScheduler setting learning rate to 0.0003016146268053714.
Epoch 179/500
560/560 - 4s - loss: 16.2491 - mae_1: 16.7448 - rmse_1: 21.0176 - val_loss: 15.6274 - val_mae_1: 16.1241 - val_rmse_1: 18.4836 - lr: 3.0161e-04 - 4s/epoch - 8ms/step

Epoch 180: LearningRateScheduler setting learning rate to 0.0002998490845334675.
Epoch 180/500
560/560 - 4s - loss: 16.2710 - mae_1: 16.7604 - rmse_1: 20.9872 - val_loss: 10.0857 - val_mae_1: 10.5783 - val_rmse_1: 13.7558 - lr: 2.9985e-04 - 4s/epoch - 8ms/step

Epoch 181: LearningRateScheduler setting learning rate to 0.0002980977952271612.
Epoch 181/500
560/560 - 4s - loss: 16.3028 - mae_1: 16.8014 - rmse_1: 20.9930 - val_loss: 8.5018 - val_mae_1: 8.9900 - val_rmse_1: 12.5563 - lr: 2.9810e-04 - 4s/epoch - 8ms/step

Epoch 182: LearningRateScheduler setting learning rate to 0.0002963606090715043.
Epoch 182/500
560/560 - 5s - loss: 16.3736 - mae_1: 16.8695 - rmse_1: 21.0807 - val_loss: 8.7247 - val_mae_1: 9.2131 - val_rmse_1: 13.0292 - lr: 2.9636e-04 - 5s/epoch - 8ms/step

Epoch 183: LearningRateScheduler setting learning rate to 0.00029463737805557593.
Epoch 183/500
560/560 - 4s - loss: 16.4938 - mae_1: 16.9827 - rmse_1: 21.3024 - val_loss: 11.9304 - val_mae_1: 12.4259 - val_rmse_1: 14.8590 - lr: 2.9464e-04 - 4s/epoch - 8ms/step

Epoch 184: LearningRateScheduler setting learning rate to 0.00029292795595126396.
Epoch 184/500
560/560 - 4s - loss: 16.1815 - mae_1: 16.6754 - rmse_1: 20.8820 - val_loss: 9.7320 - val_mae_1: 10.2224 - val_rmse_1: 14.1406 - lr: 2.9293e-04 - 4s/epoch - 8ms/step

Epoch 185: LearningRateScheduler setting learning rate to 0.00029123219829217374.
Epoch 185/500
WARNING:absl:Found untraced functions such as _jit_compiled_convolution_op, _jit_compiled_convolution_op, _jit_compiled_convolution_op, _jit_compiled_convolution_op, _jit_compiled_convolution_op while saving (showing 5 of 5). These functions will not be directly callable after loading.
560/560 - 8s - loss: 16.3389 - mae_1: 16.8273 - rmse_1: 21.0844 - val_loss: 8.3224 - val_mae_1: 8.8075 - val_rmse_1: 12.3828 - lr: 2.9123e-04 - 8s/epoch - 15ms/step

Epoch 186: LearningRateScheduler setting learning rate to 0.00028954996235267016.
Epoch 186/500
560/560 - 4s - loss: 16.2808 - mae_1: 16.7783 - rmse_1: 21.0274 - val_loss: 8.3491 - val_mae_1: 8.8386 - val_rmse_1: 12.4955 - lr: 2.8955e-04 - 4s/epoch - 8ms/step

Epoch 187: LearningRateScheduler setting learning rate to 0.000287881107127061.
Epoch 187/500
560/560 - 4s - loss: 16.2670 - mae_1: 16.7576 - rmse_1: 21.0234 - val_loss: 8.3711 - val_mae_1: 8.8599 - val_rmse_1: 12.2802 - lr: 2.8788e-04 - 4s/epoch - 8ms/step

Epoch 188: LearningRateScheduler setting learning rate to 0.0002862254933089243.
Epoch 188/500
560/560 - 4s - loss: 16.2723 - mae_1: 16.7586 - rmse_1: 20.9428 - val_loss: 8.6995 - val_mae_1: 9.1894 - val_rmse_1: 12.9302 - lr: 2.8623e-04 - 4s/epoch - 8ms/step

Epoch 189: LearningRateScheduler setting learning rate to 0.0002845829832705887.
Epoch 189/500
560/560 - 5s - loss: 16.2839 - mae_1: 16.7757 - rmse_1: 21.0901 - val_loss: 9.0405 - val_mae_1: 9.5303 - val_rmse_1: 13.2454 - lr: 2.8458e-04 - 5s/epoch - 8ms/step

Epoch 190: LearningRateScheduler setting learning rate to 0.0002829534410427683.
Epoch 190/500
560/560 - 4s - loss: 16.3020 - mae_1: 16.7922 - rmse_1: 21.0306 - val_loss: 10.1525 - val_mae_1: 10.6458 - val_rmse_1: 13.5684 - lr: 2.8295e-04 - 4s/epoch - 8ms/step

Epoch 191: LearningRateScheduler setting learning rate to 0.0002813367322943586.
Epoch 191/500
560/560 - 4s - loss: 16.1771 - mae_1: 16.6673 - rmse_1: 20.8685 - val_loss: 9.3305 - val_mae_1: 9.8203 - val_rmse_1: 12.8182 - lr: 2.8134e-04 - 4s/epoch - 8ms/step

Epoch 192: LearningRateScheduler setting learning rate to 0.00027973272431239667.
Epoch 192/500
560/560 - 5s - loss: 16.0867 - mae_1: 16.5785 - rmse_1: 20.8319 - val_loss: 12.1537 - val_mae_1: 12.6495 - val_rmse_1: 15.1964 - lr: 2.7973e-04 - 5s/epoch - 8ms/step

Epoch 193: LearningRateScheduler setting learning rate to 0.00027814128598218957.
Epoch 193/500
560/560 - 5s - loss: 16.2334 - mae_1: 16.7293 - rmse_1: 20.8826 - val_loss: 8.5008 - val_mae_1: 8.9908 - val_rmse_1: 12.3482 - lr: 2.7814e-04 - 5s/epoch - 8ms/step

Epoch 194: LearningRateScheduler setting learning rate to 0.0002765622877676145.
Epoch 194/500
560/560 - 4s - loss: 16.1136 - mae_1: 16.6082 - rmse_1: 20.7636 - val_loss: 12.2827 - val_mae_1: 12.7787 - val_rmse_1: 15.3533 - lr: 2.7656e-04 - 4s/epoch - 8ms/step

Epoch 195: LearningRateScheduler setting learning rate to 0.00027499560169159275.
Epoch 195/500
560/560 - 4s - loss: 16.1067 - mae_1: 16.6008 - rmse_1: 20.7353 - val_loss: 9.7981 - val_mae_1: 10.2900 - val_rmse_1: 13.1594 - lr: 2.7500e-04 - 4s/epoch - 8ms/step

Epoch 196: LearningRateScheduler setting learning rate to 0.0002734411013167421.
Epoch 196/500
560/560 - 5s - loss: 16.1175 - mae_1: 16.6103 - rmse_1: 20.8433 - val_loss: 8.5259 - val_mae_1: 9.0159 - val_rmse_1: 12.1976 - lr: 2.7344e-04 - 5s/epoch - 8ms/step

Epoch 197: LearningRateScheduler setting learning rate to 0.00027189866172620824.
Epoch 197/500
WARNING:absl:Found untraced functions such as _jit_compiled_convolution_op, _jit_compiled_convolution_op, _jit_compiled_convolution_op, _jit_compiled_convolution_op, _jit_compiled_convolution_op while saving (showing 5 of 5). These functions will not be directly callable after loading.
560/560 - 8s - loss: 16.0645 - mae_1: 16.5592 - rmse_1: 20.7118 - val_loss: 8.2000 - val_mae_1: 8.6866 - val_rmse_1: 12.0798 - lr: 2.7190e-04 - 8s/epoch - 14ms/step

Epoch 198: LearningRateScheduler setting learning rate to 0.0002703681595046779.
Epoch 198/500
560/560 - 4s - loss: 16.2731 - mae_1: 16.7636 - rmse_1: 20.9338 - val_loss: 8.7557 - val_mae_1: 9.2458 - val_rmse_1: 12.2979 - lr: 2.7037e-04 - 4s/epoch - 8ms/step

Epoch 199: LearningRateScheduler setting learning rate to 0.00026884947271957674.
Epoch 199/500
560/560 - 5s - loss: 16.0089 - mae_1: 16.5042 - rmse_1: 20.6250 - val_loss: 8.7300 - val_mae_1: 9.2200 - val_rmse_1: 12.3020 - lr: 2.6885e-04 - 5s/epoch - 8ms/step

Epoch 200: LearningRateScheduler setting learning rate to 0.0002673424809024516.
Epoch 200/500
560/560 - 5s - loss: 16.0710 - mae_1: 16.5669 - rmse_1: 20.7449 - val_loss: 9.4122 - val_mae_1: 9.9029 - val_rmse_1: 12.9580 - lr: 2.6734e-04 - 5s/epoch - 8ms/step

Epoch 201: LearningRateScheduler setting learning rate to 0.00026584706503054106.
Epoch 201/500
560/560 - 4s - loss: 16.0724 - mae_1: 16.5626 - rmse_1: 20.7111 - val_loss: 12.4847 - val_mae_1: 12.9796 - val_rmse_1: 15.5481 - lr: 2.6585e-04 - 4s/epoch - 8ms/step

Epoch 202: LearningRateScheduler setting learning rate to 0.0002643631075085324.
Epoch 202/500
560/560 - 4s - loss: 16.3347 - mae_1: 16.8353 - rmse_1: 21.0295 - val_loss: 8.2798 - val_mae_1: 8.7667 - val_rmse_1: 12.0827 - lr: 2.6436e-04 - 4s/epoch - 8ms/step

Epoch 203: LearningRateScheduler setting learning rate to 0.0002628904921505096.
Epoch 203/500
560/560 - 5s - loss: 15.9556 - mae_1: 16.4515 - rmse_1: 20.6483 - val_loss: 8.3504 - val_mae_1: 8.8379 - val_rmse_1: 12.3300 - lr: 2.6289e-04 - 5s/epoch - 8ms/step

Epoch 204: LearningRateScheduler setting learning rate to 0.00026142910416208985.
Epoch 204/500
560/560 - 5s - loss: 16.0823 - mae_1: 16.5737 - rmse_1: 20.7376 - val_loss: 9.9001 - val_mae_1: 10.3929 - val_rmse_1: 13.1803 - lr: 2.6143e-04 - 5s/epoch - 8ms/step

Epoch 205: LearningRateScheduler setting learning rate to 0.0002599788301227519.
Epoch 205/500
560/560 - 4s - loss: 16.3343 - mae_1: 16.8279 - rmse_1: 20.9961 - val_loss: 10.3247 - val_mae_1: 10.8199 - val_rmse_1: 13.4957 - lr: 2.5998e-04 - 4s/epoch - 8ms/step

Epoch 206: LearningRateScheduler setting learning rate to 0.00025853955796835415.
Epoch 206/500
560/560 - 4s - loss: 16.0426 - mae_1: 16.5375 - rmse_1: 20.6696 - val_loss: 8.5767 - val_mae_1: 9.0656 - val_rmse_1: 12.2174 - lr: 2.5854e-04 - 4s/epoch - 8ms/step

Epoch 207: LearningRateScheduler setting learning rate to 0.00025711117697384554.
Epoch 207/500
560/560 - 5s - loss: 15.9412 - mae_1: 16.4357 - rmse_1: 20.5401 - val_loss: 9.3956 - val_mae_1: 9.8881 - val_rmse_1: 12.7774 - lr: 2.5711e-04 - 5s/epoch - 8ms/step

Epoch 208: LearningRateScheduler setting learning rate to 0.0002556935777361671.
Epoch 208/500
560/560 - 5s - loss: 16.1871 - mae_1: 16.6783 - rmse_1: 20.8502 - val_loss: 8.4414 - val_mae_1: 8.9300 - val_rmse_1: 12.2356 - lr: 2.5569e-04 - 5s/epoch - 8ms/step

Epoch 209: LearningRateScheduler setting learning rate to 0.0002542866521573452.
Epoch 209/500
560/560 - 4s - loss: 16.0672 - mae_1: 16.5619 - rmse_1: 20.7074 - val_loss: 8.4238 - val_mae_1: 8.9116 - val_rmse_1: 12.0719 - lr: 2.5429e-04 - 4s/epoch - 8ms/step

Epoch 210: LearningRateScheduler setting learning rate to 0.0002528902934277765.
Epoch 210/500
560/560 - 4s - loss: 16.0182 - mae_1: 16.5142 - rmse_1: 20.6248 - val_loss: 15.9731 - val_mae_1: 16.4708 - val_rmse_1: 18.7247 - lr: 2.5289e-04 - 4s/epoch - 8ms/step

Epoch 211: LearningRateScheduler setting learning rate to 0.00025150439600970403.
Epoch 211/500
560/560 - 5s - loss: 15.9279 - mae_1: 16.4171 - rmse_1: 20.5043 - val_loss: 8.7615 - val_mae_1: 9.2527 - val_rmse_1: 12.2767 - lr: 2.5150e-04 - 5s/epoch - 8ms/step

Epoch 212: LearningRateScheduler setting learning rate to 0.0002501288556208837.
Epoch 212/500
560/560 - 5s - loss: 15.9468 - mae_1: 16.4433 - rmse_1: 20.6357 - val_loss: 8.4647 - val_mae_1: 8.9540 - val_rmse_1: 12.3870 - lr: 2.5013e-04 - 5s/epoch - 8ms/step

Epoch 213: LearningRateScheduler setting learning rate to 0.00024876356921844136.
Epoch 213/500
560/560 - 4s - loss: 15.7351 - mae_1: 16.2325 - rmse_1: 20.3741 - val_loss: 10.6193 - val_mae_1: 11.1140 - val_rmse_1: 13.8169 - lr: 2.4876e-04 - 4s/epoch - 8ms/step

Epoch 214: LearningRateScheduler setting learning rate to 0.00024740843498292014.
Epoch 214/500
560/560 - 4s - loss: 16.0686 - mae_1: 16.5614 - rmse_1: 20.7703 - val_loss: 9.3165 - val_mae_1: 9.8091 - val_rmse_1: 12.6691 - lr: 2.4741e-04 - 4s/epoch - 8ms/step

Epoch 215: LearningRateScheduler setting learning rate to 0.0002460633523025156.
Epoch 215/500
WARNING:absl:Found untraced functions such as _jit_compiled_convolution_op, _jit_compiled_convolution_op, _jit_compiled_convolution_op, _jit_compiled_convolution_op, _jit_compiled_convolution_op while saving (showing 5 of 5). These functions will not be directly callable after loading.
560/560 - 8s - loss: 15.9673 - mae_1: 16.4599 - rmse_1: 20.6635 - val_loss: 8.1770 - val_mae_1: 8.6658 - val_rmse_1: 12.0301 - lr: 2.4606e-04 - 8s/epoch - 15ms/step

Epoch 216: LearningRateScheduler setting learning rate to 0.0002447282217575005.
Epoch 216/500
560/560 - 4s - loss: 15.8358 - mae_1: 16.3282 - rmse_1: 20.4136 - val_loss: 9.9480 - val_mae_1: 10.4396 - val_rmse_1: 13.3284 - lr: 2.4473e-04 - 4s/epoch - 8ms/step

Epoch 217: LearningRateScheduler setting learning rate to 0.00024340294510483615.
Epoch 217/500
560/560 - 4s - loss: 15.8047 - mae_1: 16.2988 - rmse_1: 20.4256 - val_loss: 9.0243 - val_mae_1: 9.5167 - val_rmse_1: 12.5696 - lr: 2.4340e-04 - 4s/epoch - 8ms/step

Epoch 218: LearningRateScheduler setting learning rate to 0.0002420874252629702.
Epoch 218/500
560/560 - 4s - loss: 15.8890 - mae_1: 16.3832 - rmse_1: 20.4628 - val_loss: 10.5257 - val_mae_1: 11.0174 - val_rmse_1: 14.6266 - lr: 2.4209e-04 - 4s/epoch - 8ms/step

Epoch 219: LearningRateScheduler setting learning rate to 0.0002407815662968206.
Epoch 219/500
560/560 - 5s - loss: 15.8684 - mae_1: 16.3655 - rmse_1: 20.4757 - val_loss: 8.6893 - val_mae_1: 9.1770 - val_rmse_1: 12.8067 - lr: 2.4078e-04 - 5s/epoch - 8ms/step

Epoch 220: LearningRateScheduler setting learning rate to 0.00023948527340294322.
Epoch 220/500
560/560 - 5s - loss: 15.9843 - mae_1: 16.4784 - rmse_1: 20.5329 - val_loss: 8.2214 - val_mae_1: 8.7092 - val_rmse_1: 12.0674 - lr: 2.3949e-04 - 5s/epoch - 8ms/step

Epoch 221: LearningRateScheduler setting learning rate to 0.00023819845289488299.
Epoch 221/500
560/560 - 4s - loss: 15.9662 - mae_1: 16.4641 - rmse_1: 20.6002 - val_loss: 12.3829 - val_mae_1: 12.8778 - val_rmse_1: 15.2574 - lr: 2.3820e-04 - 4s/epoch - 8ms/step

Epoch 222: LearningRateScheduler setting learning rate to 0.00023692101218870696.
Epoch 222/500
560/560 - 4s - loss: 15.8351 - mae_1: 16.3266 - rmse_1: 20.4001 - val_loss: 10.9016 - val_mae_1: 11.3947 - val_rmse_1: 14.1420 - lr: 2.3692e-04 - 4s/epoch - 8ms/step

Epoch 223: LearningRateScheduler setting learning rate to 0.0002356528597887185.
Epoch 223/500
560/560 - 5s - loss: 15.9377 - mae_1: 16.4290 - rmse_1: 20.6196 - val_loss: 8.9409 - val_mae_1: 9.4305 - val_rmse_1: 12.4290 - lr: 2.3565e-04 - 5s/epoch - 8ms/step

Epoch 224: LearningRateScheduler setting learning rate to 0.00023439390527335045.
Epoch 224/500
560/560 - 5s - loss: 15.8975 - mae_1: 16.3885 - rmse_1: 20.4809 - val_loss: 9.1373 - val_mae_1: 9.6253 - val_rmse_1: 12.6792 - lr: 2.3439e-04 - 5s/epoch - 8ms/step

Epoch 225: LearningRateScheduler setting learning rate to 0.0002331440592812366.
Epoch 225/500
560/560 - 4s - loss: 15.8549 - mae_1: 16.3467 - rmse_1: 20.4853 - val_loss: 9.0241 - val_mae_1: 9.5132 - val_rmse_1: 13.0951 - lr: 2.3314e-04 - 4s/epoch - 8ms/step

Epoch 226: LearningRateScheduler setting learning rate to 0.00023190323349745964.
Epoch 226/500
560/560 - 4s - loss: 16.0096 - mae_1: 16.5020 - rmse_1: 20.6580 - val_loss: 8.3050 - val_mae_1: 8.7934 - val_rmse_1: 12.0820 - lr: 2.3190e-04 - 4s/epoch - 8ms/step

Epoch 227: LearningRateScheduler setting learning rate to 0.00023067134063997527.
Epoch 227/500
WARNING:absl:Found untraced functions such as _jit_compiled_convolution_op, _jit_compiled_convolution_op, _jit_compiled_convolution_op, _jit_compiled_convolution_op, _jit_compiled_convolution_op while saving (showing 5 of 5). These functions will not be directly callable after loading.
560/560 - 9s - loss: 15.8093 - mae_1: 16.3106 - rmse_1: 20.4638 - val_loss: 8.1431 - val_mae_1: 8.6308 - val_rmse_1: 12.1198 - lr: 2.3067e-04 - 9s/epoch - 15ms/step

Epoch 228: LearningRateScheduler setting learning rate to 0.00022944829444620878.
Epoch 228/500
560/560 - 5s - loss: 15.8161 - mae_1: 16.3090 - rmse_1: 20.4769 - val_loss: 8.4004 - val_mae_1: 8.8871 - val_rmse_1: 12.2663 - lr: 2.2945e-04 - 5s/epoch - 8ms/step

Epoch 229: LearningRateScheduler setting learning rate to 0.00022823400965982484.
Epoch 229/500
560/560 - 4s - loss: 15.9763 - mae_1: 16.4677 - rmse_1: 20.5606 - val_loss: 8.8924 - val_mae_1: 9.3800 - val_rmse_1: 12.3688 - lr: 2.2823e-04 - 4s/epoch - 8ms/step

Epoch 230: LearningRateScheduler setting learning rate to 0.00022702840201766769.
Epoch 230/500
560/560 - 4s - loss: 15.8227 - mae_1: 16.3195 - rmse_1: 20.4033 - val_loss: 8.4470 - val_mae_1: 8.9356 - val_rmse_1: 12.3547 - lr: 2.2703e-04 - 4s/epoch - 8ms/step

Epoch 231: LearningRateScheduler setting learning rate to 0.0002258313882368707.
Epoch 231/500
560/560 - 5s - loss: 15.9098 - mae_1: 16.4050 - rmse_1: 20.4592 - val_loss: 12.1306 - val_mae_1: 12.6257 - val_rmse_1: 15.2481 - lr: 2.2583e-04 - 5s/epoch - 8ms/step

Epoch 232: LearningRateScheduler setting learning rate to 0.00022464288600213325.
Epoch 232/500
560/560 - 5s - loss: 15.6880 - mae_1: 16.1800 - rmse_1: 20.3209 - val_loss: 10.8409 - val_mae_1: 11.3342 - val_rmse_1: 14.0511 - lr: 2.2464e-04 - 5s/epoch - 8ms/step

Epoch 233: LearningRateScheduler setting learning rate to 0.00022346281395316407.
Epoch 233/500
560/560 - 4s - loss: 15.8268 - mae_1: 16.3198 - rmse_1: 20.3858 - val_loss: 9.0190 - val_mae_1: 9.5101 - val_rmse_1: 12.4244 - lr: 2.2346e-04 - 4s/epoch - 8ms/step

Epoch 234: LearningRateScheduler setting learning rate to 0.0002222910916722883.
Epoch 234/500
560/560 - 4s - loss: 15.7179 - mae_1: 16.2126 - rmse_1: 20.3336 - val_loss: 9.7199 - val_mae_1: 10.2102 - val_rmse_1: 13.9701 - lr: 2.2229e-04 - 4s/epoch - 8ms/step

Epoch 235: LearningRateScheduler setting learning rate to 0.00022112763967221786.
Epoch 235/500
560/560 - 5s - loss: 15.9399 - mae_1: 16.4320 - rmse_1: 20.5513 - val_loss: 8.2066 - val_mae_1: 8.6937 - val_rmse_1: 12.0996 - lr: 2.2113e-04 - 5s/epoch - 8ms/step

Epoch 236: LearningRateScheduler setting learning rate to 0.00021997237938398264.
Epoch 236/500
WARNING:absl:Found untraced functions such as _jit_compiled_convolution_op, _jit_compiled_convolution_op, _jit_compiled_convolution_op, _jit_compiled_convolution_op, _jit_compiled_convolution_op while saving (showing 5 of 5). These functions will not be directly callable after loading.
560/560 - 8s - loss: 15.7468 - mae_1: 16.2398 - rmse_1: 20.4271 - val_loss: 8.0887 - val_mae_1: 8.5756 - val_rmse_1: 11.9710 - lr: 2.1997e-04 - 8s/epoch - 15ms/step

Epoch 237: LearningRateScheduler setting learning rate to 0.0002188252331450212.
Epoch 237/500
560/560 - 4s - loss: 15.6827 - mae_1: 16.1780 - rmse_1: 20.2269 - val_loss: 11.2933 - val_mae_1: 11.7881 - val_rmse_1: 14.4090 - lr: 2.1883e-04 - 4s/epoch - 8ms/step

Epoch 238: LearningRateScheduler setting learning rate to 0.00021768612418742865.
Epoch 238/500
560/560 - 4s - loss: 15.6088 - mae_1: 16.1015 - rmse_1: 20.1951 - val_loss: 8.3400 - val_mae_1: 8.8269 - val_rmse_1: 11.9458 - lr: 2.1769e-04 - 4s/epoch - 8ms/step

Epoch 239: LearningRateScheduler setting learning rate to 0.00021655497662636166.
Epoch 239/500
560/560 - 5s - loss: 15.8408 - mae_1: 16.3314 - rmse_1: 20.4668 - val_loss: 9.7875 - val_mae_1: 10.2784 - val_rmse_1: 13.0269 - lr: 2.1655e-04 - 5s/epoch - 8ms/step

Epoch 240: LearningRateScheduler setting learning rate to 0.00021543171544859672.
Epoch 240/500
560/560 - 5s - loss: 15.9166 - mae_1: 16.4110 - rmse_1: 20.5670 - val_loss: 8.2504 - val_mae_1: 8.7385 - val_rmse_1: 11.9021 - lr: 2.1543e-04 - 5s/epoch - 8ms/step

Epoch 241: LearningRateScheduler setting learning rate to 0.0002143162665012416.
Epoch 241/500
560/560 - 4s - loss: 15.7982 - mae_1: 16.2935 - rmse_1: 20.3915 - val_loss: 8.7609 - val_mae_1: 9.2509 - val_rmse_1: 12.2856 - lr: 2.1432e-04 - 4s/epoch - 8ms/step

Epoch 242: LearningRateScheduler setting learning rate to 0.00021320855648059752.
Epoch 242/500
560/560 - 4s - loss: 15.8181 - mae_1: 16.3131 - rmse_1: 20.3662 - val_loss: 9.7432 - val_mae_1: 10.2378 - val_rmse_1: 12.9960 - lr: 2.1321e-04 - 4s/epoch - 8ms/step

Epoch 243: LearningRateScheduler setting learning rate to 0.00021210851292117076.
Epoch 243/500
560/560 - 4s - loss: 15.7870 - mae_1: 16.2866 - rmse_1: 20.3331 - val_loss: 8.3369 - val_mae_1: 8.8245 - val_rmse_1: 12.2663 - lr: 2.1211e-04 - 4s/epoch - 8ms/step

Epoch 244: LearningRateScheduler setting learning rate to 0.00021101606418483145.
Epoch 244/500
560/560 - 5s - loss: 15.8023 - mae_1: 16.2982 - rmse_1: 20.4629 - val_loss: 13.5751 - val_mae_1: 14.0704 - val_rmse_1: 16.6217 - lr: 2.1102e-04 - 5s/epoch - 9ms/step

Epoch 245: LearningRateScheduler setting learning rate to 0.0002099311394501188.
Epoch 245/500
560/560 - 5s - loss: 15.8220 - mae_1: 16.3123 - rmse_1: 20.3819 - val_loss: 8.5082 - val_mae_1: 8.9991 - val_rmse_1: 12.0692 - lr: 2.0993e-04 - 5s/epoch - 8ms/step

Epoch 246: LearningRateScheduler setting learning rate to 0.0002088536687016894.
Epoch 246/500
560/560 - 5s - loss: 15.8517 - mae_1: 16.3425 - rmse_1: 20.4634 - val_loss: 10.3332 - val_mae_1: 10.8255 - val_rmse_1: 14.4083 - lr: 2.0885e-04 - 5s/epoch - 8ms/step

Epoch 247: LearningRateScheduler setting learning rate to 0.00020778358271990896.
Epoch 247/500
560/560 - 5s - loss: 15.7969 - mae_1: 16.2929 - rmse_1: 20.3714 - val_loss: 8.4915 - val_mae_1: 8.9788 - val_rmse_1: 12.7167 - lr: 2.0778e-04 - 5s/epoch - 8ms/step

Epoch 248: LearningRateScheduler setting learning rate to 0.00020672081307058414.
Epoch 248/500
560/560 - 5s - loss: 15.7519 - mae_1: 16.2435 - rmse_1: 20.3439 - val_loss: 8.2331 - val_mae_1: 8.7204 - val_rmse_1: 11.8904 - lr: 2.0672e-04 - 5s/epoch - 8ms/step

Epoch 249: LearningRateScheduler setting learning rate to 0.00020566529209483357.
Epoch 249/500
560/560 - 5s - loss: 15.7150 - mae_1: 16.2049 - rmse_1: 20.2403 - val_loss: 8.3688 - val_mae_1: 8.8596 - val_rmse_1: 11.9230 - lr: 2.0567e-04 - 5s/epoch - 8ms/step

Epoch 250: LearningRateScheduler setting learning rate to 0.00020461695289909624.
Epoch 250/500
560/560 - 5s - loss: 15.4855 - mae_1: 15.9770 - rmse_1: 20.0751 - val_loss: 9.3540 - val_mae_1: 9.8448 - val_rmse_1: 12.7202 - lr: 2.0462e-04 - 5s/epoch - 8ms/step

Epoch 251: LearningRateScheduler setting learning rate to 0.0002035757293452752.
Epoch 251/500
560/560 - 5s - loss: 15.4969 - mae_1: 15.9896 - rmse_1: 19.9907 - val_loss: 8.3712 - val_mae_1: 8.8589 - val_rmse_1: 12.0220 - lr: 2.0358e-04 - 5s/epoch - 8ms/step

Epoch 252: LearningRateScheduler setting learning rate to 0.000202541556041016.
Epoch 252/500
560/560 - 5s - loss: 15.6164 - mae_1: 16.1102 - rmse_1: 20.1264 - val_loss: 10.8124 - val_mae_1: 11.3044 - val_rmse_1: 14.0302 - lr: 2.0254e-04 - 5s/epoch - 8ms/step

Epoch 253: LearningRateScheduler setting learning rate to 0.00020151436833011624.
Epoch 253/500
560/560 - 5s - loss: 15.6752 - mae_1: 16.1702 - rmse_1: 20.2517 - val_loss: 9.0025 - val_mae_1: 9.4927 - val_rmse_1: 12.5496 - lr: 2.0151e-04 - 5s/epoch - 8ms/step

Epoch 254: LearningRateScheduler setting learning rate to 0.0002004941022830667.
Epoch 254/500
560/560 - 5s - loss: 15.5908 - mae_1: 16.0831 - rmse_1: 20.1449 - val_loss: 10.5737 - val_mae_1: 11.0684 - val_rmse_1: 13.8227 - lr: 2.0049e-04 - 5s/epoch - 8ms/step

Epoch 255: LearningRateScheduler setting learning rate to 0.00019948069468772128.
Epoch 255/500
560/560 - 4s - loss: 15.7558 - mae_1: 16.2529 - rmse_1: 20.3082 - val_loss: 9.1277 - val_mae_1: 9.6171 - val_rmse_1: 12.5123 - lr: 1.9948e-04 - 4s/epoch - 8ms/step

Epoch 256: LearningRateScheduler setting learning rate to 0.00019847408304009395.
Epoch 256/500
560/560 - 4s - loss: 15.6904 - mae_1: 16.1831 - rmse_1: 20.2289 - val_loss: 8.5629 - val_mae_1: 9.0520 - val_rmse_1: 12.1221 - lr: 1.9847e-04 - 4s/epoch - 8ms/step

Epoch 257: LearningRateScheduler setting learning rate to 0.00019747420553528177.
Epoch 257/500
560/560 - 4s - loss: 15.9566 - mae_1: 16.4456 - rmse_1: 20.5607 - val_loss: 9.7889 - val_mae_1: 10.2824 - val_rmse_1: 13.0189 - lr: 1.9747e-04 - 4s/epoch - 8ms/step

Epoch 258: LearningRateScheduler setting learning rate to 0.00019648100105851157.
Epoch 258/500
560/560 - 5s - loss: 15.4915 - mae_1: 15.9843 - rmse_1: 20.0159 - val_loss: 8.9939 - val_mae_1: 9.4857 - val_rmse_1: 12.3971 - lr: 1.9648e-04 - 5s/epoch - 9ms/step

Epoch 259: LearningRateScheduler setting learning rate to 0.0001954944091763097.
Epoch 259/500
560/560 - 5s - loss: 15.7025 - mae_1: 16.2005 - rmse_1: 20.2433 - val_loss: 8.6344 - val_mae_1: 9.1234 - val_rmse_1: 12.1380 - lr: 1.9549e-04 - 5s/epoch - 8ms/step

Epoch 260: LearningRateScheduler setting learning rate to 0.00019451437012779236.
Epoch 260/500
560/560 - 5s - loss: 15.4821 - mae_1: 15.9757 - rmse_1: 19.9962 - val_loss: 12.3505 - val_mae_1: 12.8448 - val_rmse_1: 15.5158 - lr: 1.9451e-04 - 5s/epoch - 8ms/step

Epoch 261: LearningRateScheduler setting learning rate to 0.00019354082481607516.
Epoch 261/500
560/560 - 5s - loss: 15.6006 - mae_1: 16.0959 - rmse_1: 20.1893 - val_loss: 8.6415 - val_mae_1: 9.1315 - val_rmse_1: 12.1104 - lr: 1.9354e-04 - 5s/epoch - 8ms/step

Epoch 262: LearningRateScheduler setting learning rate to 0.00019257371479980035.
Epoch 262/500
560/560 - 5s - loss: 15.6262 - mae_1: 16.1147 - rmse_1: 20.1867 - val_loss: 8.3177 - val_mae_1: 8.8064 - val_rmse_1: 11.9522 - lr: 1.9257e-04 - 5s/epoch - 8ms/step

Epoch 263: LearningRateScheduler setting learning rate to 0.0001916129822847809.
Epoch 263/500
560/560 - 5s - loss: 15.6005 - mae_1: 16.0948 - rmse_1: 20.0790 - val_loss: 11.3621 - val_mae_1: 11.8571 - val_rmse_1: 14.2916 - lr: 1.9161e-04 - 5s/epoch - 8ms/step

Epoch 264: LearningRateScheduler setting learning rate to 0.00019065857011575857.
Epoch 264/500
560/560 - 5s - loss: 15.5085 - mae_1: 16.0028 - rmse_1: 20.0316 - val_loss: 8.9303 - val_mae_1: 9.4211 - val_rmse_1: 12.3130 - lr: 1.9066e-04 - 5s/epoch - 8ms/step

Epoch 265: LearningRateScheduler setting learning rate to 0.00018971042176827493.
Epoch 265/500
560/560 - 5s - loss: 15.6719 - mae_1: 16.1672 - rmse_1: 20.2464 - val_loss: 8.6654 - val_mae_1: 9.1549 - val_rmse_1: 12.1824 - lr: 1.8971e-04 - 5s/epoch - 8ms/step

Epoch 266: LearningRateScheduler setting learning rate to 0.00018876848134065483.
Epoch 266/500
560/560 - 5s - loss: 15.5415 - mae_1: 16.0340 - rmse_1: 20.0837 - val_loss: 8.3382 - val_mae_1: 8.8250 - val_rmse_1: 12.3278 - lr: 1.8877e-04 - 5s/epoch - 8ms/step

Epoch 267: LearningRateScheduler setting learning rate to 0.00018783269354609932.
Epoch 267/500
560/560 - 5s - loss: 15.6293 - mae_1: 16.1196 - rmse_1: 20.1318 - val_loss: 8.8893 - val_mae_1: 9.3804 - val_rmse_1: 12.3341 - lr: 1.8783e-04 - 5s/epoch - 8ms/step

Epoch 268: LearningRateScheduler setting learning rate to 0.00018690300370488745.
Epoch 268/500
560/560 - 5s - loss: 15.5929 - mae_1: 16.0859 - rmse_1: 20.1255 - val_loss: 8.1956 - val_mae_1: 8.6858 - val_rmse_1: 11.8165 - lr: 1.8690e-04 - 5s/epoch - 8ms/step

Epoch 269: LearningRateScheduler setting learning rate to 0.00018597935773668496.
Epoch 269/500
560/560 - 5s - loss: 15.6463 - mae_1: 16.1414 - rmse_1: 20.1672 - val_loss: 9.6878 - val_mae_1: 10.1819 - val_rmse_1: 12.8296 - lr: 1.8598e-04 - 5s/epoch - 8ms/step

Epoch 270: LearningRateScheduler setting learning rate to 0.00018506170215295894.
Epoch 270/500
560/560 - 5s - loss: 15.4525 - mae_1: 15.9422 - rmse_1: 19.9209 - val_loss: 8.1300 - val_mae_1: 8.6168 - val_rmse_1: 11.9065 - lr: 1.8506e-04 - 5s/epoch - 8ms/step

Epoch 271: LearningRateScheduler setting learning rate to 0.00018414998404949674.
Epoch 271/500
560/560 - 5s - loss: 15.3717 - mae_1: 15.8650 - rmse_1: 19.8796 - val_loss: 8.9419 - val_mae_1: 9.4332 - val_rmse_1: 12.3600 - lr: 1.8415e-04 - 5s/epoch - 8ms/step

Epoch 272: LearningRateScheduler setting learning rate to 0.0001832441510990278.
Epoch 272/500
560/560 - 5s - loss: 15.4419 - mae_1: 15.9345 - rmse_1: 19.9188 - val_loss: 8.7325 - val_mae_1: 9.2219 - val_rmse_1: 12.1793 - lr: 1.8324e-04 - 5s/epoch - 8ms/step

Epoch 273: LearningRateScheduler setting learning rate to 0.0001823441515439462.
Epoch 273/500
560/560 - 5s - loss: 15.6579 - mae_1: 16.1527 - rmse_1: 20.2400 - val_loss: 9.2944 - val_mae_1: 9.7862 - val_rmse_1: 12.6496 - lr: 1.8234e-04 - 5s/epoch - 8ms/step

Epoch 274: LearningRateScheduler setting learning rate to 0.0001814499341891342.
Epoch 274/500
560/560 - 5s - loss: 15.1877 - mae_1: 15.6796 - rmse_1: 19.7178 - val_loss: 11.6995 - val_mae_1: 12.1927 - val_rmse_1: 15.8724 - lr: 1.8145e-04 - 5s/epoch - 8ms/step

Epoch 275: LearningRateScheduler setting learning rate to 0.00018056144839488408.
Epoch 275/500
560/560 - 5s - loss: 15.4973 - mae_1: 15.9933 - rmse_1: 19.9863 - val_loss: 8.5273 - val_mae_1: 9.0174 - val_rmse_1: 11.8893 - lr: 1.8056e-04 - 5s/epoch - 8ms/step

Epoch 276: LearningRateScheduler setting learning rate to 0.0001796786440699167.
Epoch 276/500
560/560 - 5s - loss: 15.3315 - mae_1: 15.8262 - rmse_1: 19.8012 - val_loss: 11.5981 - val_mae_1: 12.0937 - val_rmse_1: 14.5481 - lr: 1.7968e-04 - 5s/epoch - 8ms/step

Epoch 277: LearningRateScheduler setting learning rate to 0.00017880147166449695.
Epoch 277/500
560/560 - 5s - loss: 15.3535 - mae_1: 15.8466 - rmse_1: 19.8400 - val_loss: 8.1375 - val_mae_1: 8.6255 - val_rmse_1: 11.7240 - lr: 1.7880e-04 - 5s/epoch - 8ms/step

Epoch 278: LearningRateScheduler setting learning rate to 0.00017792988216364303.
Epoch 278/500
560/560 - 5s - loss: 15.3274 - mae_1: 15.8191 - rmse_1: 19.9057 - val_loss: 9.3385 - val_mae_1: 9.8298 - val_rmse_1: 12.6665 - lr: 1.7793e-04 - 5s/epoch - 8ms/step

Epoch 279: LearningRateScheduler setting learning rate to 0.00017706382708042944.
Epoch 279/500
WARNING:absl:Found untraced functions such as _jit_compiled_convolution_op, _jit_compiled_convolution_op, _jit_compiled_convolution_op, _jit_compiled_convolution_op, _jit_compiled_convolution_op while saving (showing 5 of 5). These functions will not be directly callable after loading.
560/560 - 8s - loss: 15.6024 - mae_1: 16.1037 - rmse_1: 20.1337 - val_loss: 7.9927 - val_mae_1: 8.4796 - val_rmse_1: 11.6353 - lr: 1.7706e-04 - 8s/epoch - 14ms/step

Epoch 280: LearningRateScheduler setting learning rate to 0.0001762032584493817.
Epoch 280/500
560/560 - 5s - loss: 15.6543 - mae_1: 16.1466 - rmse_1: 20.2087 - val_loss: 8.3792 - val_mae_1: 8.8693 - val_rmse_1: 11.9617 - lr: 1.7620e-04 - 5s/epoch - 8ms/step

Epoch 281: LearningRateScheduler setting learning rate to 0.00017534812881996208.
Epoch 281/500
560/560 - 5s - loss: 15.3591 - mae_1: 15.8493 - rmse_1: 19.8911 - val_loss: 8.3471 - val_mae_1: 8.8334 - val_rmse_1: 12.2457 - lr: 1.7535e-04 - 5s/epoch - 8ms/step

Epoch 282: LearningRateScheduler setting learning rate to 0.00017449839125014414.
Epoch 282/500
560/560 - 5s - loss: 15.4528 - mae_1: 15.9476 - rmse_1: 19.9619 - val_loss: 8.4987 - val_mae_1: 8.9854 - val_rmse_1: 12.4312 - lr: 1.7450e-04 - 5s/epoch - 9ms/step

Epoch 283: LearningRateScheduler setting learning rate to 0.00017365399930007619.
Epoch 283/500
560/560 - 5s - loss: 15.3836 - mae_1: 15.8780 - rmse_1: 19.9016 - val_loss: 8.1645 - val_mae_1: 8.6536 - val_rmse_1: 12.0412 - lr: 1.7365e-04 - 5s/epoch - 8ms/step

Epoch 284: LearningRateScheduler setting learning rate to 0.00017281490702583118.
Epoch 284/500
560/560 - 5s - loss: 15.5040 - mae_1: 15.9954 - rmse_1: 19.9999 - val_loss: 8.8336 - val_mae_1: 9.3266 - val_rmse_1: 12.1773 - lr: 1.7281e-04 - 5s/epoch - 8ms/step

Epoch 285: LearningRateScheduler setting learning rate to 0.0001719810689732426.
Epoch 285/500
560/560 - 5s - loss: 15.5372 - mae_1: 16.0306 - rmse_1: 20.0096 - val_loss: 9.4411 - val_mae_1: 9.9330 - val_rmse_1: 12.7199 - lr: 1.7198e-04 - 5s/epoch - 8ms/step

Epoch 286: LearningRateScheduler setting learning rate to 0.00017115244017182422.
Epoch 286/500
560/560 - 5s - loss: 15.3318 - mae_1: 15.8227 - rmse_1: 19.8378 - val_loss: 8.9158 - val_mae_1: 9.4055 - val_rmse_1: 12.3165 - lr: 1.7115e-04 - 5s/epoch - 8ms/step

Epoch 287: LearningRateScheduler setting learning rate to 0.00017032897612877408.
Epoch 287/500
560/560 - 5s - loss: 15.4788 - mae_1: 15.9704 - rmse_1: 19.9475 - val_loss: 8.3979 - val_mae_1: 8.8880 - val_rmse_1: 11.9738 - lr: 1.7033e-04 - 5s/epoch - 9ms/step

Epoch 288: LearningRateScheduler setting learning rate to 0.00016951063282305987.
Epoch 288/500
560/560 - 5s - loss: 15.3209 - mae_1: 15.8139 - rmse_1: 19.8327 - val_loss: 9.4345 - val_mae_1: 9.9254 - val_rmse_1: 12.7251 - lr: 1.6951e-04 - 5s/epoch - 8ms/step

Epoch 289: LearningRateScheduler setting learning rate to 0.00016869736669958572.
Epoch 289/500
560/560 - 5s - loss: 15.3389 - mae_1: 15.8366 - rmse_1: 19.8297 - val_loss: 9.3273 - val_mae_1: 9.8171 - val_rmse_1: 13.5341 - lr: 1.6870e-04 - 5s/epoch - 8ms/step

Epoch 290: LearningRateScheduler setting learning rate to 0.00016788913466343804.
Epoch 290/500
560/560 - 5s - loss: 15.2494 - mae_1: 15.7442 - rmse_1: 19.7519 - val_loss: 10.8402 - val_mae_1: 11.3338 - val_rmse_1: 14.0233 - lr: 1.6789e-04 - 5s/epoch - 8ms/step

Epoch 291: LearningRateScheduler setting learning rate to 0.00016708589407421124.
Epoch 291/500
560/560 - 5s - loss: 15.2714 - mae_1: 15.7653 - rmse_1: 19.7688 - val_loss: 9.0513 - val_mae_1: 9.5433 - val_rmse_1: 12.3214 - lr: 1.6709e-04 - 5s/epoch - 8ms/step

Epoch 292: LearningRateScheduler setting learning rate to 0.00016628760274040984.
Epoch 292/500
560/560 - 5s - loss: 15.2815 - mae_1: 15.7734 - rmse_1: 19.7690 - val_loss: 8.3527 - val_mae_1: 8.8421 - val_rmse_1: 11.8121 - lr: 1.6629e-04 - 5s/epoch - 9ms/step

Epoch 293: LearningRateScheduler setting learning rate to 0.00016549421891392765.
Epoch 293/500
560/560 - 5s - loss: 15.4101 - mae_1: 15.9042 - rmse_1: 19.9118 - val_loss: 9.7748 - val_mae_1: 10.2656 - val_rmse_1: 13.1349 - lr: 1.6549e-04 - 5s/epoch - 8ms/step

Epoch 294: LearningRateScheduler setting learning rate to 0.00016470570128460202.
Epoch 294/500
560/560 - 5s - loss: 15.2495 - mae_1: 15.7384 - rmse_1: 19.7363 - val_loss: 9.5492 - val_mae_1: 10.0400 - val_rmse_1: 12.9404 - lr: 1.6471e-04 - 5s/epoch - 8ms/step

Epoch 295: LearningRateScheduler setting learning rate to 0.00016392200897484267.
Epoch 295/500
560/560 - 5s - loss: 15.5406 - mae_1: 16.0345 - rmse_1: 20.0226 - val_loss: 8.9356 - val_mae_1: 9.4248 - val_rmse_1: 12.2802 - lr: 1.6392e-04 - 5s/epoch - 8ms/step

Epoch 296: LearningRateScheduler setting learning rate to 0.00016314310153433344.
Epoch 296/500
560/560 - 5s - loss: 15.1689 - mae_1: 15.6589 - rmse_1: 19.6865 - val_loss: 8.7546 - val_mae_1: 9.2442 - val_rmse_1: 12.8508 - lr: 1.6314e-04 - 5s/epoch - 8ms/step

Epoch 297: LearningRateScheduler setting learning rate to 0.0001623689389348063.
Epoch 297/500
560/560 - 5s - loss: 15.3843 - mae_1: 15.8806 - rmse_1: 19.8313 - val_loss: 8.0507 - val_mae_1: 8.5386 - val_rmse_1: 11.5788 - lr: 1.6237e-04 - 5s/epoch - 9ms/step

Epoch 298: LearningRateScheduler setting learning rate to 0.00016159948156488642.
Epoch 298/500
560/560 - 5s - loss: 15.2503 - mae_1: 15.7448 - rmse_1: 19.7295 - val_loss: 9.5962 - val_mae_1: 10.0888 - val_rmse_1: 12.7726 - lr: 1.6160e-04 - 5s/epoch - 8ms/step

Epoch 299: LearningRateScheduler setting learning rate to 0.0001608346902250078.
Epoch 299/500
WARNING:absl:Found untraced functions such as _jit_compiled_convolution_op, _jit_compiled_convolution_op, _jit_compiled_convolution_op, _jit_compiled_convolution_op, _jit_compiled_convolution_op while saving (showing 5 of 5). These functions will not be directly callable after loading.
560/560 - 8s - loss: 15.3052 - mae_1: 15.7973 - rmse_1: 19.8230 - val_loss: 7.9108 - val_mae_1: 8.3981 - val_rmse_1: 11.6293 - lr: 1.6083e-04 - 8s/epoch - 15ms/step

Epoch 300: LearningRateScheduler setting learning rate to 0.00016007452612239715.
Epoch 300/500
560/560 - 5s - loss: 15.2920 - mae_1: 15.7819 - rmse_1: 19.7255 - val_loss: 11.3540 - val_mae_1: 11.8489 - val_rmse_1: 14.4052 - lr: 1.6007e-04 - 5s/epoch - 8ms/step

Epoch 301: LearningRateScheduler setting learning rate to 0.00015931895086612684.
Epoch 301/500
560/560 - 5s - loss: 15.3524 - mae_1: 15.8439 - rmse_1: 19.7865 - val_loss: 11.5167 - val_mae_1: 12.0121 - val_rmse_1: 14.6154 - lr: 1.5932e-04 - 5s/epoch - 8ms/step

Epoch 302: LearningRateScheduler setting learning rate to 0.00015856792646223416.
Epoch 302/500
560/560 - 5s - loss: 15.3563 - mae_1: 15.8474 - rmse_1: 19.8448 - val_loss: 10.5231 - val_mae_1: 11.0150 - val_rmse_1: 13.7268 - lr: 1.5857e-04 - 5s/epoch - 9ms/step

Epoch 303: LearningRateScheduler setting learning rate to 0.0001578214153089075.
Epoch 303/500
560/560 - 5s - loss: 15.2681 - mae_1: 15.7669 - rmse_1: 19.7490 - val_loss: 9.1740 - val_mae_1: 9.6627 - val_rmse_1: 12.4123 - lr: 1.5782e-04 - 5s/epoch - 8ms/step

Epoch 304: LearningRateScheduler setting learning rate to 0.00015707938019173703.
Epoch 304/500
560/560 - 5s - loss: 15.3898 - mae_1: 15.8858 - rmse_1: 19.8893 - val_loss: 8.1610 - val_mae_1: 8.6508 - val_rmse_1: 11.8382 - lr: 1.5708e-04 - 5s/epoch - 8ms/step

Epoch 305: LearningRateScheduler setting learning rate to 0.00015634178427903044.
Epoch 305/500
560/560 - 5s - loss: 15.1298 - mae_1: 15.6241 - rmse_1: 19.6024 - val_loss: 8.7903 - val_mae_1: 9.2799 - val_rmse_1: 12.1549 - lr: 1.5634e-04 - 5s/epoch - 8ms/step

Epoch 306: LearningRateScheduler setting learning rate to 0.0001556085911171912.
Epoch 306/500
560/560 - 5s - loss: 15.2233 - mae_1: 15.7187 - rmse_1: 19.7671 - val_loss: 9.3290 - val_mae_1: 9.8200 - val_rmse_1: 12.6139 - lr: 1.5561e-04 - 5s/epoch - 8ms/step

Epoch 307: LearningRateScheduler setting learning rate to 0.00015487976462616007.
Epoch 307/500
560/560 - 5s - loss: 15.3517 - mae_1: 15.8445 - rmse_1: 19.7512 - val_loss: 8.3845 - val_mae_1: 8.8735 - val_rmse_1: 11.8435 - lr: 1.5488e-04 - 5s/epoch - 9ms/step

Epoch 308: LearningRateScheduler setting learning rate to 0.00015415526909491777.
Epoch 308/500
560/560 - 5s - loss: 15.1767 - mae_1: 15.6735 - rmse_1: 19.6153 - val_loss: 8.7117 - val_mae_1: 9.2011 - val_rmse_1: 12.2673 - lr: 1.5416e-04 - 5s/epoch - 8ms/step

Epoch 309: LearningRateScheduler setting learning rate to 0.00015343506917704804.
Epoch 309/500
WARNING:absl:Found untraced functions such as _jit_compiled_convolution_op, _jit_compiled_convolution_op, _jit_compiled_convolution_op, _jit_compiled_convolution_op, _jit_compiled_convolution_op while saving (showing 5 of 5). These functions will not be directly callable after loading.
560/560 - 8s - loss: 15.2193 - mae_1: 15.7083 - rmse_1: 19.7177 - val_loss: 7.8651 - val_mae_1: 8.3513 - val_rmse_1: 11.5705 - lr: 1.5344e-04 - 8s/epoch - 15ms/step

Epoch 310: LearningRateScheduler setting learning rate to 0.0001527191298863612.
Epoch 310/500
560/560 - 5s - loss: 15.2238 - mae_1: 15.7186 - rmse_1: 19.6348 - val_loss: 10.6606 - val_mae_1: 11.1538 - val_rmse_1: 13.7935 - lr: 1.5272e-04 - 5s/epoch - 8ms/step

Epoch 311: LearningRateScheduler setting learning rate to 0.00015200741659257615.
Epoch 311/500
560/560 - 5s - loss: 15.1441 - mae_1: 15.6423 - rmse_1: 19.5941 - val_loss: 8.4652 - val_mae_1: 8.9530 - val_rmse_1: 12.3738 - lr: 1.5201e-04 - 5s/epoch - 8ms/step

Epoch 312: LearningRateScheduler setting learning rate to 0.00015129989501706047.
Epoch 312/500
560/560 - 5s - loss: 15.2596 - mae_1: 15.7493 - rmse_1: 19.6939 - val_loss: 8.3052 - val_mae_1: 8.7962 - val_rmse_1: 11.7701 - lr: 1.5130e-04 - 5s/epoch - 9ms/step

Epoch 313: LearningRateScheduler setting learning rate to 0.00015059653122862797.
Epoch 313/500
560/560 - 5s - loss: 15.2136 - mae_1: 15.7080 - rmse_1: 19.6613 - val_loss: 9.1926 - val_mae_1: 9.6826 - val_rmse_1: 12.4931 - lr: 1.5060e-04 - 5s/epoch - 8ms/step

Epoch 314: LearningRateScheduler setting learning rate to 0.0001498972916393926.
Epoch 314/500
560/560 - 5s - loss: 15.1593 - mae_1: 15.6554 - rmse_1: 19.5541 - val_loss: 9.7420 - val_mae_1: 10.2344 - val_rmse_1: 13.0434 - lr: 1.4990e-04 - 5s/epoch - 8ms/step

Epoch 315: LearningRateScheduler setting learning rate to 0.000149202143000678.
Epoch 315/500
560/560 - 5s - loss: 15.2484 - mae_1: 15.7431 - rmse_1: 19.6818 - val_loss: 12.7766 - val_mae_1: 13.2712 - val_rmse_1: 15.9749 - lr: 1.4920e-04 - 5s/epoch - 8ms/step

Epoch 316: LearningRateScheduler setting learning rate to 0.00014851105239898146.
Epoch 316/500
560/560 - 5s - loss: 15.1674 - mae_1: 15.6602 - rmse_1: 19.5692 - val_loss: 9.0385 - val_mae_1: 9.5297 - val_rmse_1: 12.4311 - lr: 1.4851e-04 - 5s/epoch - 8ms/step

Epoch 317: LearningRateScheduler setting learning rate to 0.00014782398725199288.
Epoch 317/500
560/560 - 5s - loss: 15.2229 - mae_1: 15.7192 - rmse_1: 19.6098 - val_loss: 8.3634 - val_mae_1: 8.8510 - val_rmse_1: 11.7743 - lr: 1.4782e-04 - 5s/epoch - 9ms/step

Epoch 318: LearningRateScheduler setting learning rate to 0.00014714091530466575.
Epoch 318/500
560/560 - 5s - loss: 15.0825 - mae_1: 15.5732 - rmse_1: 19.4738 - val_loss: 8.6469 - val_mae_1: 9.1364 - val_rmse_1: 11.9978 - lr: 1.4714e-04 - 5s/epoch - 8ms/step

Epoch 319: LearningRateScheduler setting learning rate to 0.00014646180462534163.
Epoch 319/500
560/560 - 5s - loss: 15.2271 - mae_1: 15.7205 - rmse_1: 19.6333 - val_loss: 8.2352 - val_mae_1: 8.7257 - val_rmse_1: 11.6241 - lr: 1.4646e-04 - 5s/epoch - 8ms/step

Epoch 320: LearningRateScheduler setting learning rate to 0.0001457866236019259.
Epoch 320/500
560/560 - 5s - loss: 15.2259 - mae_1: 15.7194 - rmse_1: 19.6444 - val_loss: 10.4029 - val_mae_1: 10.8947 - val_rmse_1: 13.4857 - lr: 1.4579e-04 - 5s/epoch - 8ms/step

Epoch 321: LearningRateScheduler setting learning rate to 0.0001451153409381143.
Epoch 321/500
560/560 - 5s - loss: 15.1099 - mae_1: 15.6004 - rmse_1: 19.4546 - val_loss: 9.1488 - val_mae_1: 9.6384 - val_rmse_1: 12.5847 - lr: 1.4512e-04 - 5s/epoch - 8ms/step

Epoch 322: LearningRateScheduler setting learning rate to 0.0001444479256496702.
Epoch 322/500
560/560 - 5s - loss: 15.1814 - mae_1: 15.6748 - rmse_1: 19.5609 - val_loss: 9.5454 - val_mae_1: 10.0361 - val_rmse_1: 12.7808 - lr: 1.4445e-04 - 5s/epoch - 8ms/step

Epoch 323: LearningRateScheduler setting learning rate to 0.0001437843470607512.
Epoch 323/500
560/560 - 5s - loss: 15.1894 - mae_1: 15.6852 - rmse_1: 19.6135 - val_loss: 9.1017 - val_mae_1: 9.5914 - val_rmse_1: 12.3801 - lr: 1.4378e-04 - 5s/epoch - 9ms/step

Epoch 324: LearningRateScheduler setting learning rate to 0.00014312457480028425.
Epoch 324/500
560/560 - 5s - loss: 15.0600 - mae_1: 15.5557 - rmse_1: 19.4624 - val_loss: 8.0962 - val_mae_1: 8.5827 - val_rmse_1: 11.6175 - lr: 1.4312e-04 - 5s/epoch - 8ms/step

Epoch 325: LearningRateScheduler setting learning rate to 0.00014246857879838948.
Epoch 325/500
560/560 - 5s - loss: 14.9232 - mae_1: 15.4180 - rmse_1: 19.3075 - val_loss: 9.0771 - val_mae_1: 9.5668 - val_rmse_1: 12.9334 - lr: 1.4247e-04 - 5s/epoch - 8ms/step

Epoch 326: LearningRateScheduler setting learning rate to 0.00014181632928285078.
Epoch 326/500
560/560 - 5s - loss: 15.0686 - mae_1: 15.5603 - rmse_1: 19.5559 - val_loss: 8.9531 - val_mae_1: 9.4419 - val_rmse_1: 12.3941 - lr: 1.4182e-04 - 5s/epoch - 8ms/step

Epoch 327: LearningRateScheduler setting learning rate to 0.0001411677967756338.
Epoch 327/500
560/560 - 5s - loss: 15.1689 - mae_1: 15.6624 - rmse_1: 19.6073 - val_loss: 10.2513 - val_mae_1: 10.7444 - val_rmse_1: 13.2574 - lr: 1.4117e-04 - 5s/epoch - 8ms/step

Epoch 328: LearningRateScheduler setting learning rate to 0.0001405229520894493.
Epoch 328/500
560/560 - 5s - loss: 15.2162 - mae_1: 15.7071 - rmse_1: 19.6771 - val_loss: 7.8673 - val_mae_1: 8.3537 - val_rmse_1: 11.6029 - lr: 1.4052e-04 - 5s/epoch - 8ms/step

Epoch 329: LearningRateScheduler setting learning rate to 0.00013988176632436257.
Epoch 329/500
560/560 - 5s - loss: 15.0333 - mae_1: 15.5257 - rmse_1: 19.4098 - val_loss: 8.2345 - val_mae_1: 8.7225 - val_rmse_1: 11.6622 - lr: 1.3988e-04 - 5s/epoch - 9ms/step

Epoch 330: LearningRateScheduler setting learning rate to 0.00013924421086444722.
Epoch 330/500
560/560 - 5s - loss: 15.1696 - mae_1: 15.6649 - rmse_1: 19.5494 - val_loss: 8.0667 - val_mae_1: 8.5555 - val_rmse_1: 11.8100 - lr: 1.3924e-04 - 5s/epoch - 8ms/step

Epoch 331: LearningRateScheduler setting learning rate to 0.00013861025737448327.
Epoch 331/500
560/560 - 5s - loss: 15.2328 - mae_1: 15.7268 - rmse_1: 19.6873 - val_loss: 8.1358 - val_mae_1: 8.6205 - val_rmse_1: 12.0473 - lr: 1.3861e-04 - 5s/epoch - 8ms/step

Epoch 332: LearningRateScheduler setting learning rate to 0.00013797987779669854.
Epoch 332/500
560/560 - 5s - loss: 15.0719 - mae_1: 15.5663 - rmse_1: 19.5083 - val_loss: 8.3748 - val_mae_1: 8.8622 - val_rmse_1: 11.7404 - lr: 1.3798e-04 - 5s/epoch - 8ms/step

Epoch 333: LearningRateScheduler setting learning rate to 0.00013735304434755294.
Epoch 333/500
560/560 - 5s - loss: 14.9570 - mae_1: 15.4516 - rmse_1: 19.2872 - val_loss: 8.0500 - val_mae_1: 8.5376 - val_rmse_1: 11.9014 - lr: 1.3735e-04 - 5s/epoch - 8ms/step

Epoch 334: LearningRateScheduler setting learning rate to 0.0001367297295145653.
Epoch 334/500
560/560 - 5s - loss: 15.1157 - mae_1: 15.6052 - rmse_1: 19.5525 - val_loss: 8.6370 - val_mae_1: 9.1272 - val_rmse_1: 11.9893 - lr: 1.3673e-04 - 5s/epoch - 9ms/step

Epoch 335: LearningRateScheduler setting learning rate to 0.0001361099060531814.
Epoch 335/500
560/560 - 5s - loss: 15.0629 - mae_1: 15.5518 - rmse_1: 19.4877 - val_loss: 10.6122 - val_mae_1: 11.1030 - val_rmse_1: 13.8225 - lr: 1.3611e-04 - 5s/epoch - 8ms/step

Epoch 336: LearningRateScheduler setting learning rate to 0.0001354935469836834.
Epoch 336/500
560/560 - 5s - loss: 14.9817 - mae_1: 15.4729 - rmse_1: 19.3257 - val_loss: 9.8832 - val_mae_1: 10.3744 - val_rmse_1: 13.0345 - lr: 1.3549e-04 - 5s/epoch - 8ms/step

Epoch 337: LearningRateScheduler setting learning rate to 0.0001348806255881395.
Epoch 337/500
560/560 - 5s - loss: 14.9572 - mae_1: 15.4514 - rmse_1: 19.3778 - val_loss: 9.7416 - val_mae_1: 10.2328 - val_rmse_1: 13.0006 - lr: 1.3488e-04 - 5s/epoch - 8ms/step

Epoch 338: LearningRateScheduler setting learning rate to 0.0001342711154073935.
Epoch 338/500
560/560 - 5s - loss: 14.8682 - mae_1: 15.3633 - rmse_1: 19.2874 - val_loss: 9.4528 - val_mae_1: 9.9458 - val_rmse_1: 12.6814 - lr: 1.3427e-04 - 5s/epoch - 8ms/step

Epoch 339: LearningRateScheduler setting learning rate to 0.000133664990238094.
Epoch 339/500
560/560 - 5s - loss: 15.1661 - mae_1: 15.6542 - rmse_1: 19.5887 - val_loss: 7.9470 - val_mae_1: 8.4355 - val_rmse_1: 11.5875 - lr: 1.3366e-04 - 5s/epoch - 8ms/step

Epoch 340: LearningRateScheduler setting learning rate to 0.00013306222412976188.
Epoch 340/500
560/560 - 5s - loss: 14.9726 - mae_1: 15.4641 - rmse_1: 19.3154 - val_loss: 8.8706 - val_mae_1: 9.3603 - val_rmse_1: 12.1973 - lr: 1.3306e-04 - 5s/epoch - 9ms/step

Epoch 341: LearningRateScheduler setting learning rate to 0.0001324627913818961.
Epoch 341/500
560/560 - 5s - loss: 14.9358 - mae_1: 15.4277 - rmse_1: 19.3043 - val_loss: 9.5291 - val_mae_1: 10.0205 - val_rmse_1: 12.7202 - lr: 1.3246e-04 - 5s/epoch - 8ms/step

Epoch 342: LearningRateScheduler setting learning rate to 0.00013186666654111756.
Epoch 342/500
560/560 - 5s - loss: 14.9351 - mae_1: 15.4269 - rmse_1: 19.2693 - val_loss: 8.1926 - val_mae_1: 8.6791 - val_rmse_1: 12.0009 - lr: 1.3187e-04 - 5s/epoch - 8ms/step

Epoch 343: LearningRateScheduler setting learning rate to 0.00013127382439834958.
Epoch 343/500
560/560 - 5s - loss: 14.9991 - mae_1: 15.4926 - rmse_1: 19.3346 - val_loss: 8.5735 - val_mae_1: 9.0625 - val_rmse_1: 11.9178 - lr: 1.3127e-04 - 5s/epoch - 8ms/step

Epoch 344: LearningRateScheduler setting learning rate to 0.00013068423998603508.
Epoch 344/500
560/560 - 5s - loss: 15.0256 - mae_1: 15.5160 - rmse_1: 19.4119 - val_loss: 8.1234 - val_mae_1: 8.6114 - val_rmse_1: 11.6325 - lr: 1.3068e-04 - 5s/epoch - 8ms/step

Epoch 345: LearningRateScheduler setting learning rate to 0.00013009788857539002.
Epoch 345/500
560/560 - 5s - loss: 15.0666 - mae_1: 15.5580 - rmse_1: 19.4813 - val_loss: 8.4565 - val_mae_1: 8.9447 - val_rmse_1: 11.8786 - lr: 1.3010e-04 - 5s/epoch - 8ms/step

Epoch 346: LearningRateScheduler setting learning rate to 0.0001295147456736922.
Epoch 346/500
560/560 - 5s - loss: 15.0040 - mae_1: 15.4998 - rmse_1: 19.3566 - val_loss: 8.8220 - val_mae_1: 9.3113 - val_rmse_1: 12.1624 - lr: 1.2951e-04 - 5s/epoch - 9ms/step

Epoch 347: LearningRateScheduler setting learning rate to 0.00012893478702160537.
Epoch 347/500
560/560 - 5s - loss: 15.0183 - mae_1: 15.5067 - rmse_1: 19.4669 - val_loss: 8.2475 - val_mae_1: 8.7339 - val_rmse_1: 12.2053 - lr: 1.2893e-04 - 5s/epoch - 8ms/step

Epoch 348: LearningRateScheduler setting learning rate to 0.00012835798859053737.
Epoch 348/500
560/560 - 5s - loss: 14.9895 - mae_1: 15.4879 - rmse_1: 19.3989 - val_loss: 10.2017 - val_mae_1: 10.6949 - val_rmse_1: 13.2907 - lr: 1.2836e-04 - 5s/epoch - 8ms/step

Epoch 349: LearningRateScheduler setting learning rate to 0.00012778432658003313.
Epoch 349/500
560/560 - 5s - loss: 14.9036 - mae_1: 15.3980 - rmse_1: 19.2841 - val_loss: 9.2408 - val_mae_1: 9.7309 - val_rmse_1: 12.4022 - lr: 1.2778e-04 - 5s/epoch - 8ms/step

Epoch 350: LearningRateScheduler setting learning rate to 0.00012721377741520035.
Epoch 350/500
560/560 - 5s - loss: 14.9359 - mae_1: 15.4268 - rmse_1: 19.3999 - val_loss: 8.1389 - val_mae_1: 8.6251 - val_rmse_1: 11.9240 - lr: 1.2721e-04 - 5s/epoch - 8ms/step

Epoch 351: LearningRateScheduler setting learning rate to 0.00012664631774416906.
Epoch 351/500
560/560 - 5s - loss: 14.9326 - mae_1: 15.4238 - rmse_1: 19.2643 - val_loss: 8.4713 - val_mae_1: 8.9613 - val_rmse_1: 11.7629 - lr: 1.2665e-04 - 5s/epoch - 8ms/step

Epoch 352: LearningRateScheduler setting learning rate to 0.00012608192443558342.
Epoch 352/500
560/560 - 5s - loss: 14.9835 - mae_1: 15.4769 - rmse_1: 19.3188 - val_loss: 9.8976 - val_mae_1: 10.3896 - val_rmse_1: 13.1924 - lr: 1.2608e-04 - 5s/epoch - 9ms/step

Epoch 353: LearningRateScheduler setting learning rate to 0.00012552057457612556.
Epoch 353/500
560/560 - 5s - loss: 14.8773 - mae_1: 15.3681 - rmse_1: 19.2155 - val_loss: 8.2862 - val_mae_1: 8.7745 - val_rmse_1: 11.6897 - lr: 1.2552e-04 - 5s/epoch - 8ms/step

Epoch 354: LearningRateScheduler setting learning rate to 0.0001249622454680717.
Epoch 354/500
560/560 - 5s - loss: 14.9622 - mae_1: 15.4555 - rmse_1: 19.2973 - val_loss: 8.8569 - val_mae_1: 9.3468 - val_rmse_1: 12.1234 - lr: 1.2496e-04 - 5s/epoch - 8ms/step

Epoch 355: LearningRateScheduler setting learning rate to 0.000124406914626879.
Epoch 355/500
560/560 - 5s - loss: 14.8880 - mae_1: 15.3795 - rmse_1: 19.1457 - val_loss: 10.4874 - val_mae_1: 10.9809 - val_rmse_1: 13.5373 - lr: 1.2441e-04 - 5s/epoch - 8ms/step

Epoch 356: LearningRateScheduler setting learning rate to 0.00012385455977880337.
Epoch 356/500
560/560 - 5s - loss: 14.8437 - mae_1: 15.3332 - rmse_1: 19.1592 - val_loss: 9.3434 - val_mae_1: 9.8341 - val_rmse_1: 12.5619 - lr: 1.2385e-04 - 5s/epoch - 8ms/step

Epoch 357: LearningRateScheduler setting learning rate to 0.00012330515885854794.
Epoch 357/500
560/560 - 5s - loss: 14.8910 - mae_1: 15.3848 - rmse_1: 19.2676 - val_loss: 10.4079 - val_mae_1: 10.9006 - val_rmse_1: 13.4364 - lr: 1.2331e-04 - 5s/epoch - 8ms/step

Epoch 358: LearningRateScheduler setting learning rate to 0.00012275869000694112.
Epoch 358/500
560/560 - 5s - loss: 14.9755 - mae_1: 15.4714 - rmse_1: 19.3659 - val_loss: 11.2816 - val_mae_1: 11.7760 - val_rmse_1: 14.4405 - lr: 1.2276e-04 - 5s/epoch - 9ms/step

Epoch 359: LearningRateScheduler setting learning rate to 0.00012221513156864469.
Epoch 359/500
560/560 - 5s - loss: 15.0440 - mae_1: 15.5381 - rmse_1: 19.4240 - val_loss: 11.4389 - val_mae_1: 11.9329 - val_rmse_1: 14.3973 - lr: 1.2222e-04 - 5s/epoch - 8ms/step

Epoch 360: LearningRateScheduler setting learning rate to 0.00012167446208989039.
Epoch 360/500
560/560 - 5s - loss: 14.9807 - mae_1: 15.4782 - rmse_1: 19.3506 - val_loss: 9.0575 - val_mae_1: 9.5477 - val_rmse_1: 12.2597 - lr: 1.2167e-04 - 5s/epoch - 8ms/step

Epoch 361: LearningRateScheduler setting learning rate to 0.0001211366603162457.
Epoch 361/500
WARNING:absl:Found untraced functions such as _jit_compiled_convolution_op, _jit_compiled_convolution_op, _jit_compiled_convolution_op, _jit_compiled_convolution_op, _jit_compiled_convolution_op while saving (showing 5 of 5). These functions will not be directly callable after loading.
560/560 - 8s - loss: 14.9712 - mae_1: 15.4644 - rmse_1: 19.3147 - val_loss: 7.7859 - val_mae_1: 8.2744 - val_rmse_1: 11.4884 - lr: 1.2114e-04 - 8s/epoch - 14ms/step

Epoch 362: LearningRateScheduler setting learning rate to 0.00012060170519040803.
Epoch 362/500
560/560 - 5s - loss: 14.9514 - mae_1: 15.4445 - rmse_1: 19.3166 - val_loss: 8.1188 - val_mae_1: 8.6071 - val_rmse_1: 11.5616 - lr: 1.2060e-04 - 5s/epoch - 8ms/step

Epoch 363: LearningRateScheduler setting learning rate to 0.00012006957585002635.
Epoch 363/500
560/560 - 5s - loss: 14.9966 - mae_1: 15.4860 - rmse_1: 19.3153 - val_loss: 8.2533 - val_mae_1: 8.7415 - val_rmse_1: 11.6203 - lr: 1.2007e-04 - 5s/epoch - 9ms/step

Epoch 364: LearningRateScheduler setting learning rate to 0.00011954025162555082.
Epoch 364/500
560/560 - 5s - loss: 14.9626 - mae_1: 15.4517 - rmse_1: 19.2970 - val_loss: 7.8395 - val_mae_1: 8.3267 - val_rmse_1: 11.4012 - lr: 1.1954e-04 - 5s/epoch - 8ms/step

Epoch 365: LearningRateScheduler setting learning rate to 0.00011901371203810927.
Epoch 365/500
560/560 - 5s - loss: 14.9604 - mae_1: 15.4549 - rmse_1: 19.3626 - val_loss: 8.9253 - val_mae_1: 9.4159 - val_rmse_1: 12.8718 - lr: 1.1901e-04 - 5s/epoch - 8ms/step

Epoch 366: LearningRateScheduler setting learning rate to 0.00011848993679741069.
Epoch 366/500
560/560 - 5s - loss: 14.8959 - mae_1: 15.3903 - rmse_1: 19.2185 - val_loss: 11.1481 - val_mae_1: 11.6415 - val_rmse_1: 14.1001 - lr: 1.1849e-04 - 5s/epoch - 8ms/step

Epoch 367: LearningRateScheduler setting learning rate to 0.00011796890579967484.
Epoch 367/500
560/560 - 5s - loss: 14.7785 - mae_1: 15.2682 - rmse_1: 19.0381 - val_loss: 8.0769 - val_mae_1: 8.5648 - val_rmse_1: 11.5174 - lr: 1.1797e-04 - 5s/epoch - 8ms/step

Epoch 368: LearningRateScheduler setting learning rate to 0.00011745059912558827.
Epoch 368/500
560/560 - 5s - loss: 14.6526 - mae_1: 15.1476 - rmse_1: 18.9418 - val_loss: 8.1444 - val_mae_1: 8.6331 - val_rmse_1: 11.5111 - lr: 1.1745e-04 - 5s/epoch - 8ms/step

Epoch 369: LearningRateScheduler setting learning rate to 0.00011693499703828544.
Epoch 369/500
560/560 - 5s - loss: 14.7754 - mae_1: 15.2678 - rmse_1: 19.1150 - val_loss: 8.2080 - val_mae_1: 8.6944 - val_rmse_1: 11.9924 - lr: 1.1693e-04 - 5s/epoch - 9ms/step

Epoch 370: LearningRateScheduler setting learning rate to 0.00011642207998135593.
Epoch 370/500
560/560 - 5s - loss: 15.0015 - mae_1: 15.4949 - rmse_1: 19.3835 - val_loss: 8.0524 - val_mae_1: 8.5387 - val_rmse_1: 11.7635 - lr: 1.1642e-04 - 5s/epoch - 8ms/step

Epoch 371: LearningRateScheduler setting learning rate to 0.00011591182857687574.
Epoch 371/500
560/560 - 5s - loss: 14.8264 - mae_1: 15.3186 - rmse_1: 19.2079 - val_loss: 9.6700 - val_mae_1: 10.1616 - val_rmse_1: 12.8033 - lr: 1.1591e-04 - 5s/epoch - 8ms/step

Epoch 372: LearningRateScheduler setting learning rate to 0.00011540422362346398.
Epoch 372/500
560/560 - 5s - loss: 14.9527 - mae_1: 15.4451 - rmse_1: 19.2933 - val_loss: 8.3072 - val_mae_1: 8.7947 - val_rmse_1: 11.6899 - lr: 1.1540e-04 - 5s/epoch - 8ms/step

Epoch 373: LearningRateScheduler setting learning rate to 0.00011489924609436326.
Epoch 373/500
560/560 - 5s - loss: 14.6980 - mae_1: 15.1902 - rmse_1: 19.0547 - val_loss: 10.9335 - val_mae_1: 11.4267 - val_rmse_1: 13.9334 - lr: 1.1490e-04 - 5s/epoch - 8ms/step

Epoch 374: LearningRateScheduler setting learning rate to 0.00011439687713554426.
Epoch 374/500
560/560 - 5s - loss: 14.7824 - mae_1: 15.2782 - rmse_1: 19.0895 - val_loss: 8.7301 - val_mae_1: 9.2205 - val_rmse_1: 12.0093 - lr: 1.1440e-04 - 5s/epoch - 8ms/step

Epoch 375: LearningRateScheduler setting learning rate to 0.00011389709806383406.
Epoch 375/500
560/560 - 5s - loss: 14.8007 - mae_1: 15.2936 - rmse_1: 19.1336 - val_loss: 8.3355 - val_mae_1: 8.8235 - val_rmse_1: 11.7027 - lr: 1.1390e-04 - 5s/epoch - 9ms/step

Epoch 376: LearningRateScheduler setting learning rate to 0.00011339989036506728.
Epoch 376/500
560/560 - 5s - loss: 14.9552 - mae_1: 15.4505 - rmse_1: 19.3079 - val_loss: 10.0200 - val_mae_1: 10.5119 - val_rmse_1: 13.0951 - lr: 1.1340e-04 - 5s/epoch - 9ms/step

Epoch 377: LearningRateScheduler setting learning rate to 0.00011290523569226063.
Epoch 377/500
560/560 - 5s - loss: 14.7800 - mae_1: 15.2773 - rmse_1: 19.1035 - val_loss: 8.6676 - val_mae_1: 9.1560 - val_rmse_1: 11.9806 - lr: 1.1291e-04 - 5s/epoch - 8ms/step

Epoch 378: LearningRateScheduler setting learning rate to 0.00011241311586381001.
Epoch 378/500
560/560 - 5s - loss: 14.7881 - mae_1: 15.2814 - rmse_1: 19.1130 - val_loss: 7.9763 - val_mae_1: 8.4625 - val_rmse_1: 11.6463 - lr: 1.1241e-04 - 5s/epoch - 8ms/step

Epoch 379: LearningRateScheduler setting learning rate to 0.00011192351286170957.
Epoch 379/500
560/560 - 5s - loss: 14.7992 - mae_1: 15.2929 - rmse_1: 19.1358 - val_loss: 11.0155 - val_mae_1: 11.5083 - val_rmse_1: 14.0977 - lr: 1.1192e-04 - 5s/epoch - 8ms/step

Epoch 380: LearningRateScheduler setting learning rate to 0.00011143640882979339.
Epoch 380/500
560/560 - 5s - loss: 14.8470 - mae_1: 15.3366 - rmse_1: 19.1940 - val_loss: 8.5926 - val_mae_1: 9.0812 - val_rmse_1: 11.9620 - lr: 1.1144e-04 - 5s/epoch - 8ms/step

Epoch 381: LearningRateScheduler setting learning rate to 0.00011095178607199827.
Epoch 381/500
560/560 - 5s - loss: 14.7448 - mae_1: 15.2374 - rmse_1: 19.0424 - val_loss: 7.9129 - val_mae_1: 8.3987 - val_rmse_1: 11.5619 - lr: 1.1095e-04 - 5s/epoch - 8ms/step

Epoch 382: LearningRateScheduler setting learning rate to 0.00011046962705064836.
Epoch 382/500
560/560 - 5s - loss: 14.7623 - mae_1: 15.2589 - rmse_1: 19.0111 - val_loss: 8.9729 - val_mae_1: 9.4615 - val_rmse_1: 12.9467 - lr: 1.1047e-04 - 5s/epoch - 9ms/step

Epoch 383: LearningRateScheduler setting learning rate to 0.00010998991438476091.
Epoch 383/500
560/560 - 5s - loss: 14.6579 - mae_1: 15.1471 - rmse_1: 18.8939 - val_loss: 9.1618 - val_mae_1: 9.6526 - val_rmse_1: 12.3721 - lr: 1.0999e-04 - 5s/epoch - 8ms/step

Epoch 384: LearningRateScheduler setting learning rate to 0.0001095126308483724.
Epoch 384/500
560/560 - 5s - loss: 14.6698 - mae_1: 15.1663 - rmse_1: 18.9810 - val_loss: 8.2600 - val_mae_1: 8.7464 - val_rmse_1: 12.0748 - lr: 1.0951e-04 - 5s/epoch - 8ms/step

Epoch 385: LearningRateScheduler setting learning rate to 0.00010903775936888572.
Epoch 385/500
WARNING:absl:Found untraced functions such as _jit_compiled_convolution_op, _jit_compiled_convolution_op, _jit_compiled_convolution_op, _jit_compiled_convolution_op, _jit_compiled_convolution_op while saving (showing 5 of 5). These functions will not be directly callable after loading.
560/560 - 8s - loss: 14.6757 - mae_1: 15.1695 - rmse_1: 18.9379 - val_loss: 7.7747 - val_mae_1: 8.2614 - val_rmse_1: 11.3414 - lr: 1.0904e-04 - 8s/epoch - 14ms/step

Epoch 386: LearningRateScheduler setting learning rate to 0.0001085652830254375.
Epoch 386/500
560/560 - 5s - loss: 14.7458 - mae_1: 15.2354 - rmse_1: 19.0629 - val_loss: 7.9244 - val_mae_1: 8.4105 - val_rmse_1: 11.4242 - lr: 1.0857e-04 - 5s/epoch - 8ms/step

Epoch 387: LearningRateScheduler setting learning rate to 0.00010809518504728522.
Epoch 387/500
560/560 - 5s - loss: 14.7912 - mae_1: 15.2830 - rmse_1: 19.1331 - val_loss: 8.2829 - val_mae_1: 8.7720 - val_rmse_1: 11.7431 - lr: 1.0810e-04 - 5s/epoch - 9ms/step

Epoch 388: LearningRateScheduler setting learning rate to 0.00010762744881221429.
Epoch 388/500
560/560 - 5s - loss: 14.6425 - mae_1: 15.1341 - rmse_1: 18.9260 - val_loss: 8.5930 - val_mae_1: 9.0806 - val_rmse_1: 11.9425 - lr: 1.0763e-04 - 5s/epoch - 9ms/step

Epoch 389: LearningRateScheduler setting learning rate to 0.0001071620578449643.
Epoch 389/500
560/560 - 5s - loss: 14.6719 - mae_1: 15.1652 - rmse_1: 18.9423 - val_loss: 9.5573 - val_mae_1: 10.0490 - val_rmse_1: 12.6978 - lr: 1.0716e-04 - 5s/epoch - 8ms/step

Epoch 390: LearningRateScheduler setting learning rate to 0.00010669899581567482.
Epoch 390/500
560/560 - 5s - loss: 14.7935 - mae_1: 15.2833 - rmse_1: 19.0842 - val_loss: 7.8585 - val_mae_1: 8.3445 - val_rmse_1: 11.4141 - lr: 1.0670e-04 - 5s/epoch - 8ms/step

Epoch 391: LearningRateScheduler setting learning rate to 0.0001062382465383499.
Epoch 391/500
560/560 - 5s - loss: 14.6437 - mae_1: 15.1369 - rmse_1: 18.9531 - val_loss: 10.4353 - val_mae_1: 10.9270 - val_rmse_1: 14.3430 - lr: 1.0624e-04 - 5s/epoch - 8ms/step

Epoch 392: LearningRateScheduler setting learning rate to 0.00010577979396934112.
Epoch 392/500
560/560 - 5s - loss: 14.7058 - mae_1: 15.2041 - rmse_1: 19.0086 - val_loss: 9.3618 - val_mae_1: 9.8532 - val_rmse_1: 12.4984 - lr: 1.0578e-04 - 5s/epoch - 8ms/step

Epoch 393: LearningRateScheduler setting learning rate to 0.0001053236222058492.
Epoch 393/500
560/560 - 5s - loss: 14.5541 - mae_1: 15.0418 - rmse_1: 18.8102 - val_loss: 8.2294 - val_mae_1: 8.7165 - val_rmse_1: 11.6029 - lr: 1.0532e-04 - 5s/epoch - 9ms/step

Epoch 394: LearningRateScheduler setting learning rate to 0.00010486971548444402.
Epoch 394/500
560/560 - 5s - loss: 14.7319 - mae_1: 15.2278 - rmse_1: 19.0260 - val_loss: 9.2406 - val_mae_1: 9.7312 - val_rmse_1: 12.3979 - lr: 1.0487e-04 - 5s/epoch - 9ms/step

Epoch 395: LearningRateScheduler setting learning rate to 0.00010441805817960201.
Epoch 395/500
560/560 - 5s - loss: 14.5060 - mae_1: 14.9989 - rmse_1: 18.7422 - val_loss: 7.7998 - val_mae_1: 8.2870 - val_rmse_1: 11.4315 - lr: 1.0442e-04 - 5s/epoch - 8ms/step

Epoch 396: LearningRateScheduler setting learning rate to 0.00010396863480226165.
Epoch 396/500
560/560 - 5s - loss: 14.7443 - mae_1: 15.2356 - rmse_1: 18.9990 - val_loss: 8.5486 - val_mae_1: 9.0373 - val_rmse_1: 11.8700 - lr: 1.0397e-04 - 5s/epoch - 8ms/step

Epoch 397: LearningRateScheduler setting learning rate to 0.0001035214299983962.
Epoch 397/500
560/560 - 5s - loss: 14.7617 - mae_1: 15.2530 - rmse_1: 19.0548 - val_loss: 7.9839 - val_mae_1: 8.4727 - val_rmse_1: 11.4019 - lr: 1.0352e-04 - 5s/epoch - 8ms/step

Epoch 398: LearningRateScheduler setting learning rate to 0.00010307642854760379.
Epoch 398/500
560/560 - 5s - loss: 14.6934 - mae_1: 15.1837 - rmse_1: 19.0187 - val_loss: 9.1646 - val_mae_1: 9.6551 - val_rmse_1: 12.3646 - lr: 1.0308e-04 - 5s/epoch - 8ms/step

Epoch 399: LearningRateScheduler setting learning rate to 0.00010263361536171428.
Epoch 399/500
560/560 - 5s - loss: 14.7350 - mae_1: 15.2257 - rmse_1: 19.0285 - val_loss: 8.2763 - val_mae_1: 8.7641 - val_rmse_1: 11.6482 - lr: 1.0263e-04 - 5s/epoch - 8ms/step

Epoch 400: LearningRateScheduler setting learning rate to 0.00010219297548341305.
Epoch 400/500
560/560 - 4s - loss: 14.6338 - mae_1: 15.1286 - rmse_1: 18.9551 - val_loss: 9.7346 - val_mae_1: 10.2266 - val_rmse_1: 12.8743 - lr: 1.0219e-04 - 4s/epoch - 8ms/step

Epoch 401: LearningRateScheduler setting learning rate to 0.00010175449408488116.
Epoch 401/500
560/560 - 4s - loss: 14.6844 - mae_1: 15.1808 - rmse_1: 19.0540 - val_loss: 7.7828 - val_mae_1: 8.2695 - val_rmse_1: 11.4231 - lr: 1.0175e-04 - 4s/epoch - 8ms/step

Epoch 402: LearningRateScheduler setting learning rate to 0.00010131815646645182.
Epoch 402/500
560/560 - 4s - loss: 14.5614 - mae_1: 15.0534 - rmse_1: 18.8004 - val_loss: 7.9406 - val_mae_1: 8.4277 - val_rmse_1: 11.4047 - lr: 1.0132e-04 - 4s/epoch - 8ms/step

Epoch 403: LearningRateScheduler setting learning rate to 0.00010088394805528317.
Epoch 403/500
560/560 - 5s - loss: 14.3450 - mae_1: 14.8368 - rmse_1: 18.6366 - val_loss: 8.0185 - val_mae_1: 8.5079 - val_rmse_1: 11.5025 - lr: 1.0088e-04 - 5s/epoch - 8ms/step

Epoch 404: LearningRateScheduler setting learning rate to 0.00010045185440404653.
Epoch 404/500
560/560 - 4s - loss: 14.6553 - mae_1: 15.1482 - rmse_1: 18.9484 - val_loss: 10.3244 - val_mae_1: 10.8172 - val_rmse_1: 13.4064 - lr: 1.0045e-04 - 4s/epoch - 8ms/step

Epoch 405: LearningRateScheduler setting learning rate to 0.00010002186118963052.
Epoch 405/500
560/560 - 4s - loss: 14.4925 - mae_1: 14.9837 - rmse_1: 18.7634 - val_loss: 8.7463 - val_mae_1: 9.2364 - val_rmse_1: 11.9724 - lr: 1.0002e-04 - 4s/epoch - 8ms/step

Epoch 406: LearningRateScheduler setting learning rate to 9.959395421186079e-05.
Epoch 406/500
560/560 - 5s - loss: 14.7698 - mae_1: 15.2596 - rmse_1: 19.0694 - val_loss: 7.8417 - val_mae_1: 8.3289 - val_rmse_1: 11.3201 - lr: 9.9594e-05 - 5s/epoch - 8ms/step

Epoch 407: LearningRateScheduler setting learning rate to 9.91681193922345e-05.
Epoch 407/500
560/560 - 4s - loss: 14.5430 - mae_1: 15.0356 - rmse_1: 18.7077 - val_loss: 7.7942 - val_mae_1: 8.2801 - val_rmse_1: 11.3827 - lr: 9.9168e-05 - 4s/epoch - 8ms/step

Epoch 408: LearningRateScheduler setting learning rate to 9.874434277267041e-05.
Epoch 408/500
560/560 - 4s - loss: 14.6487 - mae_1: 15.1374 - rmse_1: 18.8969 - val_loss: 9.9457 - val_mae_1: 10.4377 - val_rmse_1: 13.1511 - lr: 9.8744e-05 - 4s/epoch - 8ms/step

Epoch 409: LearningRateScheduler setting learning rate to 9.832261051427324e-05.
Epoch 409/500
560/560 - 4s - loss: 14.5151 - mae_1: 15.0086 - rmse_1: 18.7666 - val_loss: 7.9485 - val_mae_1: 8.4375 - val_rmse_1: 11.5235 - lr: 9.8323e-05 - 4s/epoch - 8ms/step

Epoch 410: LearningRateScheduler setting learning rate to 9.790290889611317e-05.
Epoch 410/500
560/560 - 5s - loss: 14.4804 - mae_1: 14.9746 - rmse_1: 18.7396 - val_loss: 7.9011 - val_mae_1: 8.3900 - val_rmse_1: 11.3248 - lr: 9.7903e-05 - 5s/epoch - 8ms/step

Epoch 411: LearningRateScheduler setting learning rate to 9.748522431401938e-05.
Epoch 411/500
560/560 - 4s - loss: 14.5547 - mae_1: 15.0504 - rmse_1: 18.8043 - val_loss: 9.0764 - val_mae_1: 9.5675 - val_rmse_1: 12.2372 - lr: 9.7485e-05 - 4s/epoch - 8ms/step

Epoch 412: LearningRateScheduler setting learning rate to 9.706954327938807e-05.
Epoch 412/500
560/560 - 4s - loss: 14.5871 - mae_1: 15.0782 - rmse_1: 18.8170 - val_loss: 8.3294 - val_mae_1: 8.8181 - val_rmse_1: 11.6378 - lr: 9.7070e-05 - 4s/epoch - 8ms/step

Epoch 413: LearningRateScheduler setting learning rate to 9.665585241800443e-05.
Epoch 413/500
560/560 - 4s - loss: 14.6143 - mae_1: 15.1107 - rmse_1: 18.8585 - val_loss: 8.4221 - val_mae_1: 8.9101 - val_rmse_1: 11.6996 - lr: 9.6656e-05 - 4s/epoch - 8ms/step

Epoch 414: LearningRateScheduler setting learning rate to 9.624413846887856e-05.
Epoch 414/500
560/560 - 5s - loss: 14.6610 - mae_1: 15.1572 - rmse_1: 19.0188 - val_loss: 8.0353 - val_mae_1: 8.5241 - val_rmse_1: 11.3980 - lr: 9.6244e-05 - 5s/epoch - 8ms/step

Epoch 415: LearningRateScheduler setting learning rate to 9.583438828309496e-05.
Epoch 415/500
560/560 - 4s - loss: 14.4197 - mae_1: 14.9120 - rmse_1: 18.6414 - val_loss: 8.1271 - val_mae_1: 8.6154 - val_rmse_1: 11.9078 - lr: 9.5834e-05 - 4s/epoch - 8ms/step

Epoch 416: LearningRateScheduler setting learning rate to 9.542658882267583e-05.
Epoch 416/500
560/560 - 4s - loss: 14.6054 - mae_1: 15.1003 - rmse_1: 18.9195 - val_loss: 8.6601 - val_mae_1: 9.1488 - val_rmse_1: 11.9906 - lr: 9.5427e-05 - 4s/epoch - 8ms/step

Epoch 417: LearningRateScheduler setting learning rate to 9.502072715945709e-05.
Epoch 417/500
560/560 - 5s - loss: 14.2518 - mae_1: 14.7429 - rmse_1: 18.4916 - val_loss: 8.4204 - val_mae_1: 8.9085 - val_rmse_1: 11.7004 - lr: 9.5021e-05 - 5s/epoch - 8ms/step

Epoch 418: LearningRateScheduler setting learning rate to 9.461679047397831e-05.
Epoch 418/500
560/560 - 4s - loss: 14.4325 - mae_1: 14.9284 - rmse_1: 18.6807 - val_loss: 9.6787 - val_mae_1: 10.1682 - val_rmse_1: 12.7722 - lr: 9.4617e-05 - 4s/epoch - 8ms/step

Epoch 419: LearningRateScheduler setting learning rate to 9.421476605438504e-05.
Epoch 419/500
560/560 - 4s - loss: 14.3989 - mae_1: 14.8894 - rmse_1: 18.7037 - val_loss: 9.2852 - val_mae_1: 9.7760 - val_rmse_1: 12.4101 - lr: 9.4215e-05 - 4s/epoch - 8ms/step

Epoch 420: LearningRateScheduler setting learning rate to 9.381464129534425e-05.
Epoch 420/500
560/560 - 4s - loss: 14.4567 - mae_1: 14.9491 - rmse_1: 18.6955 - val_loss: 9.0226 - val_mae_1: 9.5142 - val_rmse_1: 12.2272 - lr: 9.3815e-05 - 4s/epoch - 8ms/step

Epoch 421: LearningRateScheduler setting learning rate to 9.341640369697232e-05.
Epoch 421/500
560/560 - 5s - loss: 14.5196 - mae_1: 15.0108 - rmse_1: 18.7932 - val_loss: 7.9669 - val_mae_1: 8.4550 - val_rmse_1: 11.4892 - lr: 9.3416e-05 - 5s/epoch - 8ms/step

Epoch 422: LearningRateScheduler setting learning rate to 9.302004086377547e-05.
Epoch 422/500
560/560 - 4s - loss: 14.5904 - mae_1: 15.0800 - rmse_1: 18.8314 - val_loss: 8.9936 - val_mae_1: 9.4837 - val_rmse_1: 12.1770 - lr: 9.3020e-05 - 4s/epoch - 8ms/step

Epoch 423: LearningRateScheduler setting learning rate to 9.262554050360258e-05.
Epoch 423/500
560/560 - 4s - loss: 14.5600 - mae_1: 15.0504 - rmse_1: 18.7918 - val_loss: 8.5134 - val_mae_1: 9.0020 - val_rmse_1: 12.3356 - lr: 9.2626e-05 - 4s/epoch - 8ms/step

Epoch 424: LearningRateScheduler setting learning rate to 9.223289042661023e-05.
Epoch 424/500
560/560 - 4s - loss: 14.7599 - mae_1: 15.2540 - rmse_1: 19.0505 - val_loss: 9.7361 - val_mae_1: 10.2274 - val_rmse_1: 12.8899 - lr: 9.2233e-05 - 4s/epoch - 8ms/step

Epoch 425: LearningRateScheduler setting learning rate to 9.184207854423937e-05.
Epoch 425/500
560/560 - 5s - loss: 14.3441 - mae_1: 14.8395 - rmse_1: 18.6124 - val_loss: 10.3628 - val_mae_1: 10.8559 - val_rmse_1: 13.4504 - lr: 9.1842e-05 - 5s/epoch - 8ms/step

Epoch 426: LearningRateScheduler setting learning rate to 9.14530928682045e-05.
Epoch 426/500
560/560 - 4s - loss: 14.4670 - mae_1: 14.9558 - rmse_1: 18.7227 - val_loss: 9.3859 - val_mae_1: 9.8779 - val_rmse_1: 12.5548 - lr: 9.1453e-05 - 4s/epoch - 8ms/step

Epoch 427: LearningRateScheduler setting learning rate to 9.10659215094937e-05.
Epoch 427/500
560/560 - 4s - loss: 14.4182 - mae_1: 14.9168 - rmse_1: 18.6392 - val_loss: 8.4774 - val_mae_1: 8.9669 - val_rmse_1: 11.7156 - lr: 9.1066e-05 - 4s/epoch - 8ms/step

Epoch 428: LearningRateScheduler setting learning rate to 9.068055267738099e-05.
Epoch 428/500
560/560 - 4s - loss: 14.5402 - mae_1: 15.0318 - rmse_1: 18.8238 - val_loss: 11.1066 - val_mae_1: 11.6013 - val_rmse_1: 14.0150 - lr: 9.0681e-05 - 4s/epoch - 8ms/step

Epoch 429: LearningRateScheduler setting learning rate to 9.02969746784495e-05.
Epoch 429/500
560/560 - 5s - loss: 14.4584 - mae_1: 14.9517 - rmse_1: 18.7341 - val_loss: 7.9597 - val_mae_1: 8.4476 - val_rmse_1: 11.3184 - lr: 9.0297e-05 - 5s/epoch - 8ms/step

Epoch 430: LearningRateScheduler setting learning rate to 8.991517591562612e-05.
Epoch 430/500
WARNING:absl:Found untraced functions such as _jit_compiled_convolution_op, _jit_compiled_convolution_op, _jit_compiled_convolution_op, _jit_compiled_convolution_op, _jit_compiled_convolution_op while saving (showing 5 of 5). These functions will not be directly callable after loading.
560/560 - 8s - loss: 14.5095 - mae_1: 14.9989 - rmse_1: 18.6740 - val_loss: 7.7032 - val_mae_1: 8.1894 - val_rmse_1: 11.1951 - lr: 8.9915e-05 - 8s/epoch - 14ms/step

Epoch 431: LearningRateScheduler setting learning rate to 8.953514488722722e-05.
Epoch 431/500
560/560 - 4s - loss: 14.6307 - mae_1: 15.1229 - rmse_1: 18.8740 - val_loss: 8.4183 - val_mae_1: 8.9069 - val_rmse_1: 11.7020 - lr: 8.9535e-05 - 4s/epoch - 8ms/step

Epoch 432: LearningRateScheduler setting learning rate to 8.915687018601542e-05.
Epoch 432/500
560/560 - 5s - loss: 14.5880 - mae_1: 15.0809 - rmse_1: 18.8176 - val_loss: 8.3430 - val_mae_1: 8.8319 - val_rmse_1: 11.7003 - lr: 8.9157e-05 - 5s/epoch - 8ms/step

Epoch 433: LearningRateScheduler setting learning rate to 8.878034049826686e-05.
Epoch 433/500
560/560 - 4s - loss: 14.2076 - mae_1: 14.7030 - rmse_1: 18.3974 - val_loss: 12.6626 - val_mae_1: 13.1576 - val_rmse_1: 15.5367 - lr: 8.8780e-05 - 4s/epoch - 8ms/step

Epoch 434: LearningRateScheduler setting learning rate to 8.840554460284933e-05.
Epoch 434/500
560/560 - 4s - loss: 14.4778 - mae_1: 14.9662 - rmse_1: 18.7065 - val_loss: 7.8709 - val_mae_1: 8.3594 - val_rmse_1: 11.4033 - lr: 8.8406e-05 - 4s/epoch - 8ms/step

Epoch 435: LearningRateScheduler setting learning rate to 8.803247137031115e-05.
Epoch 435/500
560/560 - 4s - loss: 14.3390 - mae_1: 14.8285 - rmse_1: 18.5532 - val_loss: 7.7356 - val_mae_1: 8.2233 - val_rmse_1: 11.3410 - lr: 8.8032e-05 - 4s/epoch - 8ms/step

Epoch 436: LearningRateScheduler setting learning rate to 8.766110976197997e-05.
Epoch 436/500
560/560 - 5s - loss: 14.3757 - mae_1: 14.8699 - rmse_1: 18.5512 - val_loss: 8.7453 - val_mae_1: 9.2358 - val_rmse_1: 11.9509 - lr: 8.7661e-05 - 5s/epoch - 8ms/step

Epoch 437: LearningRateScheduler setting learning rate to 8.729144882907219e-05.
Epoch 437/500
560/560 - 4s - loss: 14.3922 - mae_1: 14.8865 - rmse_1: 18.6171 - val_loss: 7.9856 - val_mae_1: 8.4723 - val_rmse_1: 11.4183 - lr: 8.7291e-05 - 4s/epoch - 8ms/step

Epoch 438: LearningRateScheduler setting learning rate to 8.692347771181242e-05.
Epoch 438/500
560/560 - 4s - loss: 14.3616 - mae_1: 14.8537 - rmse_1: 18.5891 - val_loss: 7.7339 - val_mae_1: 8.2204 - val_rmse_1: 11.2861 - lr: 8.6923e-05 - 4s/epoch - 8ms/step

Epoch 439: LearningRateScheduler setting learning rate to 8.655718563856277e-05.
Epoch 439/500
560/560 - 4s - loss: 14.3464 - mae_1: 14.8433 - rmse_1: 18.5273 - val_loss: 8.1539 - val_mae_1: 8.6415 - val_rmse_1: 11.5133 - lr: 8.6557e-05 - 4s/epoch - 8ms/step

Epoch 440: LearningRateScheduler setting learning rate to 8.619256192496236e-05.
Epoch 440/500
560/560 - 5s - loss: 14.3695 - mae_1: 14.8627 - rmse_1: 18.6204 - val_loss: 8.1831 - val_mae_1: 8.6724 - val_rmse_1: 11.5105 - lr: 8.6193e-05 - 5s/epoch - 8ms/step

Epoch 441: LearningRateScheduler setting learning rate to 8.582959597307624e-05.
Epoch 441/500
560/560 - 4s - loss: 14.4530 - mae_1: 14.9440 - rmse_1: 18.6533 - val_loss: 7.8880 - val_mae_1: 8.3731 - val_rmse_1: 11.3039 - lr: 8.5830e-05 - 4s/epoch - 8ms/step

Epoch 442: LearningRateScheduler setting learning rate to 8.546827727055401e-05.
Epoch 442/500
560/560 - 4s - loss: 14.2824 - mae_1: 14.7774 - rmse_1: 18.4682 - val_loss: 8.1815 - val_mae_1: 8.6700 - val_rmse_1: 11.4945 - lr: 8.5468e-05 - 4s/epoch - 8ms/step

Epoch 443: LearningRateScheduler setting learning rate to 8.510859538979812e-05.
Epoch 443/500
560/560 - 4s - loss: 14.3436 - mae_1: 14.8368 - rmse_1: 18.5565 - val_loss: 11.7002 - val_mae_1: 12.1943 - val_rmse_1: 14.5812 - lr: 8.5109e-05 - 4s/epoch - 8ms/step

Epoch 444: LearningRateScheduler setting learning rate to 8.47505399871413e-05.
Epoch 444/500
560/560 - 5s - loss: 14.3386 - mae_1: 14.8276 - rmse_1: 18.5476 - val_loss: 9.7766 - val_mae_1: 10.2671 - val_rmse_1: 12.8565 - lr: 8.4751e-05 - 5s/epoch - 8ms/step

Epoch 445: LearningRateScheduler setting learning rate to 8.439410080203356e-05.
Epoch 445/500
560/560 - 4s - loss: 14.3806 - mae_1: 14.8701 - rmse_1: 18.5381 - val_loss: 7.7408 - val_mae_1: 8.2280 - val_rmse_1: 11.2600 - lr: 8.4394e-05 - 4s/epoch - 8ms/step

Epoch 446: LearningRateScheduler setting learning rate to 8.403926765623774e-05.
Epoch 446/500
560/560 - 4s - loss: 14.3450 - mae_1: 14.8344 - rmse_1: 18.5247 - val_loss: 8.0147 - val_mae_1: 8.5005 - val_rmse_1: 11.4133 - lr: 8.4039e-05 - 4s/epoch - 8ms/step

Epoch 447: LearningRateScheduler setting learning rate to 8.368603045303483e-05.
Epoch 447/500
560/560 - 4s - loss: 14.2649 - mae_1: 14.7578 - rmse_1: 18.4990 - val_loss: 8.0312 - val_mae_1: 8.5179 - val_rmse_1: 11.4358 - lr: 8.3686e-05 - 4s/epoch - 8ms/step

Epoch 448: LearningRateScheduler setting learning rate to 8.333437917643776e-05.
Epoch 448/500
560/560 - 5s - loss: 14.2743 - mae_1: 14.7681 - rmse_1: 18.5064 - val_loss: 7.7619 - val_mae_1: 8.2478 - val_rmse_1: 11.1890 - lr: 8.3334e-05 - 5s/epoch - 8ms/step

Epoch 449: LearningRateScheduler setting learning rate to 8.298430389041403e-05.
Epoch 449/500
560/560 - 4s - loss: 14.2234 - mae_1: 14.7142 - rmse_1: 18.3984 - val_loss: 9.2374 - val_mae_1: 9.7273 - val_rmse_1: 12.4065 - lr: 8.2984e-05 - 4s/epoch - 8ms/step

Epoch 450: LearningRateScheduler setting learning rate to 8.263579473811692e-05.
Epoch 450/500
560/560 - 4s - loss: 14.2863 - mae_1: 14.7797 - rmse_1: 18.5557 - val_loss: 9.1576 - val_mae_1: 9.6489 - val_rmse_1: 12.3255 - lr: 8.2636e-05 - 4s/epoch - 8ms/step

Epoch 451: LearningRateScheduler setting learning rate to 8.228884194112574e-05.
Epoch 451/500
560/560 - 4s - loss: 14.2236 - mae_1: 14.7145 - rmse_1: 18.4485 - val_loss: 7.8964 - val_mae_1: 8.3831 - val_rmse_1: 11.2960 - lr: 8.2289e-05 - 4s/epoch - 8ms/step

Epoch 452: LearningRateScheduler setting learning rate to 8.194343579869398e-05.
Epoch 452/500
560/560 - 5s - loss: 14.3739 - mae_1: 14.8703 - rmse_1: 18.5877 - val_loss: 7.7115 - val_mae_1: 8.1985 - val_rmse_1: 11.2033 - lr: 8.1943e-05 - 5s/epoch - 8ms/step

Epoch 453: LearningRateScheduler setting learning rate to 8.159956668700619e-05.
Epoch 453/500
560/560 - 4s - loss: 14.1156 - mae_1: 14.6034 - rmse_1: 18.2759 - val_loss: 7.9936 - val_mae_1: 8.4796 - val_rmse_1: 11.3627 - lr: 8.1600e-05 - 4s/epoch - 8ms/step

Epoch 454: LearningRateScheduler setting learning rate to 8.125722505844291e-05.
Epoch 454/500
560/560 - 4s - loss: 14.1769 - mae_1: 14.6746 - rmse_1: 18.3382 - val_loss: 7.8039 - val_mae_1: 8.2900 - val_rmse_1: 11.2759 - lr: 8.1257e-05 - 4s/epoch - 8ms/step

Epoch 455: LearningRateScheduler setting learning rate to 8.091640144085388e-05.
Epoch 455/500
560/560 - 4s - loss: 14.3082 - mae_1: 14.7983 - rmse_1: 18.4736 - val_loss: 8.0535 - val_mae_1: 8.5419 - val_rmse_1: 11.7636 - lr: 8.0916e-05 - 4s/epoch - 8ms/step

Epoch 456: LearningRateScheduler setting learning rate to 8.057708643683933e-05.
Epoch 456/500
560/560 - 5s - loss: 14.1872 - mae_1: 14.6789 - rmse_1: 18.4196 - val_loss: 12.1867 - val_mae_1: 12.6819 - val_rmse_1: 15.0281 - lr: 8.0577e-05 - 5s/epoch - 8ms/step

Epoch 457: LearningRateScheduler setting learning rate to 8.023927072303914e-05.
Epoch 457/500
560/560 - 5s - loss: 14.2041 - mae_1: 14.7003 - rmse_1: 18.3246 - val_loss: 9.7706 - val_mae_1: 10.2637 - val_rmse_1: 12.8407 - lr: 8.0239e-05 - 5s/epoch - 8ms/step

Epoch 458: LearningRateScheduler setting learning rate to 7.990294504942958e-05.
Epoch 458/500
WARNING:absl:Found untraced functions such as _jit_compiled_convolution_op, _jit_compiled_convolution_op, _jit_compiled_convolution_op, _jit_compiled_convolution_op, _jit_compiled_convolution_op while saving (showing 5 of 5). These functions will not be directly callable after loading.
560/560 - 8s - loss: 14.3076 - mae_1: 14.8010 - rmse_1: 18.5303 - val_loss: 7.7024 - val_mae_1: 8.1877 - val_rmse_1: 11.1985 - lr: 7.9903e-05 - 8s/epoch - 14ms/step

Epoch 459: LearningRateScheduler setting learning rate to 7.956810023862859e-05.
Epoch 459/500
560/560 - 5s - loss: 14.2825 - mae_1: 14.7747 - rmse_1: 18.4646 - val_loss: 7.9338 - val_mae_1: 8.4225 - val_rmse_1: 11.3358 - lr: 7.9568e-05 - 5s/epoch - 8ms/step

Epoch 460: LearningRateScheduler setting learning rate to 7.923472718520782e-05.
Epoch 460/500
560/560 - 5s - loss: 14.2851 - mae_1: 14.7811 - rmse_1: 18.4752 - val_loss: 8.4703 - val_mae_1: 8.9593 - val_rmse_1: 12.1491 - lr: 7.9235e-05 - 5s/epoch - 9ms/step

Epoch 461: LearningRateScheduler setting learning rate to 7.89028168550128e-05.
Epoch 461/500
560/560 - 5s - loss: 14.0814 - mae_1: 14.5701 - rmse_1: 18.2393 - val_loss: 10.4034 - val_mae_1: 10.8947 - val_rmse_1: 13.4106 - lr: 7.8903e-05 - 5s/epoch - 8ms/step

Epoch 462: LearningRateScheduler setting learning rate to 7.857236028449028e-05.
Epoch 462/500
560/560 - 4s - loss: 14.3648 - mae_1: 14.8582 - rmse_1: 18.5992 - val_loss: 8.0105 - val_mae_1: 8.4973 - val_rmse_1: 11.7568 - lr: 7.8572e-05 - 4s/epoch - 8ms/step

Epoch 463: LearningRateScheduler setting learning rate to 7.824334858002314e-05.
Epoch 463/500
560/560 - 4s - loss: 14.2726 - mae_1: 14.7669 - rmse_1: 18.4635 - val_loss: 7.9260 - val_mae_1: 8.4121 - val_rmse_1: 11.5735 - lr: 7.8243e-05 - 4s/epoch - 8ms/step

Epoch 464: LearningRateScheduler setting learning rate to 7.791577291727256e-05.
Epoch 464/500
560/560 - 5s - loss: 14.2096 - mae_1: 14.7049 - rmse_1: 18.4622 - val_loss: 8.0967 - val_mae_1: 8.5824 - val_rmse_1: 11.4134 - lr: 7.7916e-05 - 5s/epoch - 8ms/step

Epoch 465: LearningRateScheduler setting learning rate to 7.758962454052729e-05.
Epoch 465/500
560/560 - 5s - loss: 14.0494 - mae_1: 14.5435 - rmse_1: 18.2044 - val_loss: 7.9069 - val_mae_1: 8.3933 - val_rmse_1: 11.4163 - lr: 7.7590e-05 - 5s/epoch - 8ms/step

Epoch 466: LearningRateScheduler setting learning rate to 7.726489476205989e-05.
Epoch 466/500
560/560 - 4s - loss: 14.1738 - mae_1: 14.6664 - rmse_1: 18.3866 - val_loss: 10.0543 - val_mae_1: 10.5457 - val_rmse_1: 13.1802 - lr: 7.7265e-05 - 4s/epoch - 8ms/step

Epoch 467: LearningRateScheduler setting learning rate to 7.694157496149048e-05.
Epoch 467/500
560/560 - 4s - loss: 13.9987 - mae_1: 14.4881 - rmse_1: 18.1605 - val_loss: 8.1271 - val_mae_1: 8.6137 - val_rmse_1: 11.4613 - lr: 7.6942e-05 - 4s/epoch - 8ms/step

Epoch 468: LearningRateScheduler setting learning rate to 7.661965658515676e-05.
Epoch 468/500
560/560 - 5s - loss: 14.1180 - mae_1: 14.6099 - rmse_1: 18.2806 - val_loss: 8.2019 - val_mae_1: 8.6900 - val_rmse_1: 11.5306 - lr: 7.6620e-05 - 5s/epoch - 8ms/step

Epoch 469: LearningRateScheduler setting learning rate to 7.629913114549167e-05.
Epoch 469/500
560/560 - 5s - loss: 14.0594 - mae_1: 14.5519 - rmse_1: 18.2538 - val_loss: 8.7681 - val_mae_1: 9.2570 - val_rmse_1: 11.9484 - lr: 7.6299e-05 - 5s/epoch - 8ms/step

Epoch 470: LearningRateScheduler setting learning rate to 7.597999022040674e-05.
Epoch 470/500
560/560 - 5s - loss: 14.2051 - mae_1: 14.6960 - rmse_1: 18.3945 - val_loss: 7.7452 - val_mae_1: 8.2318 - val_rmse_1: 11.2675 - lr: 7.5980e-05 - 5s/epoch - 8ms/step

Epoch 471: LearningRateScheduler setting learning rate to 7.56622254526832e-05.
Epoch 471/500
560/560 - 4s - loss: 13.9781 - mae_1: 14.4695 - rmse_1: 18.1569 - val_loss: 7.9227 - val_mae_1: 8.4110 - val_rmse_1: 11.3097 - lr: 7.5662e-05 - 4s/epoch - 8ms/step

Epoch 472: LearningRateScheduler setting learning rate to 7.53458285493691e-05.
Epoch 472/500
560/560 - 4s - loss: 14.0683 - mae_1: 14.5648 - rmse_1: 18.2188 - val_loss: 9.6897 - val_mae_1: 10.1812 - val_rmse_1: 12.8246 - lr: 7.5346e-05 - 4s/epoch - 8ms/step

Epoch 473: LearningRateScheduler setting learning rate to 7.503079128118298e-05.
Epoch 473/500
560/560 - 5s - loss: 14.0798 - mae_1: 14.5719 - rmse_1: 18.2411 - val_loss: 8.2510 - val_mae_1: 8.7398 - val_rmse_1: 11.5193 - lr: 7.5031e-05 - 5s/epoch - 9ms/step

Epoch 474: LearningRateScheduler setting learning rate to 7.471710548192415e-05.
Epoch 474/500
560/560 - 5s - loss: 14.1268 - mae_1: 14.6215 - rmse_1: 18.2491 - val_loss: 8.7647 - val_mae_1: 9.2528 - val_rmse_1: 12.0227 - lr: 7.4717e-05 - 5s/epoch - 8ms/step

Epoch 475: LearningRateScheduler setting learning rate to 7.440476304788912e-05.
Epoch 475/500
560/560 - 4s - loss: 14.1871 - mae_1: 14.6783 - rmse_1: 18.3876 - val_loss: 7.9686 - val_mae_1: 8.4560 - val_rmse_1: 11.2998 - lr: 7.4405e-05 - 4s/epoch - 8ms/step

Epoch 476: LearningRateScheduler setting learning rate to 7.40937559372945e-05.
Epoch 476/500
560/560 - 4s - loss: 14.0587 - mae_1: 14.5533 - rmse_1: 18.2172 - val_loss: 8.2399 - val_mae_1: 8.7269 - val_rmse_1: 11.5281 - lr: 7.4094e-05 - 4s/epoch - 8ms/step

Epoch 477: LearningRateScheduler setting learning rate to 7.378407616970606e-05.
Epoch 477/500
560/560 - 5s - loss: 14.1264 - mae_1: 14.6211 - rmse_1: 18.3099 - val_loss: 8.3309 - val_mae_1: 8.8193 - val_rmse_1: 11.5732 - lr: 7.3784e-05 - 5s/epoch - 8ms/step

Epoch 478: LearningRateScheduler setting learning rate to 7.347571582547372e-05.
Epoch 478/500
560/560 - 5s - loss: 14.1354 - mae_1: 14.6246 - rmse_1: 18.3255 - val_loss: 7.7143 - val_mae_1: 8.1999 - val_rmse_1: 11.2135 - lr: 7.3476e-05 - 5s/epoch - 8ms/step

Epoch 479: LearningRateScheduler setting learning rate to 7.316866704517288e-05.
Epoch 479/500
560/560 - 5s - loss: 14.2758 - mae_1: 14.7680 - rmse_1: 18.4259 - val_loss: 9.3188 - val_mae_1: 9.8087 - val_rmse_1: 12.4426 - lr: 7.3169e-05 - 5s/epoch - 8ms/step

Epoch 480: LearningRateScheduler setting learning rate to 7.286292202905161e-05.
Epoch 480/500
560/560 - 4s - loss: 14.2021 - mae_1: 14.6927 - rmse_1: 18.3102 - val_loss: 7.7840 - val_mae_1: 8.2715 - val_rmse_1: 11.2767 - lr: 7.2863e-05 - 4s/epoch - 8ms/step

Epoch 481: LearningRateScheduler setting learning rate to 7.255847303648358e-05.
Epoch 481/500
560/560 - 5s - loss: 14.2191 - mae_1: 14.7154 - rmse_1: 18.3755 - val_loss: 7.9129 - val_mae_1: 8.3996 - val_rmse_1: 11.4440 - lr: 7.2558e-05 - 5s/epoch - 8ms/step

Epoch 482: LearningRateScheduler setting learning rate to 7.225531238542718e-05.
Epoch 482/500
560/560 - 5s - loss: 13.9992 - mae_1: 14.4981 - rmse_1: 18.1317 - val_loss: 8.0806 - val_mae_1: 8.5686 - val_rmse_1: 11.3926 - lr: 7.2255e-05 - 5s/epoch - 8ms/step

Epoch 483: LearningRateScheduler setting learning rate to 7.195343245189003e-05.
Epoch 483/500
560/560 - 5s - loss: 14.0765 - mae_1: 14.5705 - rmse_1: 18.2443 - val_loss: 8.4448 - val_mae_1: 8.9326 - val_rmse_1: 11.7121 - lr: 7.1953e-05 - 5s/epoch - 8ms/step

Epoch 484: LearningRateScheduler setting learning rate to 7.165282566939945e-05.
Epoch 484/500
560/560 - 4s - loss: 14.0827 - mae_1: 14.5741 - rmse_1: 18.1959 - val_loss: 10.3040 - val_mae_1: 10.7973 - val_rmse_1: 13.3956 - lr: 7.1653e-05 - 4s/epoch - 8ms/step

Epoch 485: LearningRateScheduler setting learning rate to 7.135348452847848e-05.
Epoch 485/500
560/560 - 4s - loss: 14.1267 - mae_1: 14.6203 - rmse_1: 18.2799 - val_loss: 8.4858 - val_mae_1: 8.9743 - val_rmse_1: 12.2378 - lr: 7.1353e-05 - 4s/epoch - 8ms/step

Epoch 486: LearningRateScheduler setting learning rate to 7.105540157612728e-05.
Epoch 486/500
560/560 - 4s - loss: 13.9570 - mae_1: 14.4477 - rmse_1: 18.0905 - val_loss: 8.6792 - val_mae_1: 9.1674 - val_rmse_1: 11.9627 - lr: 7.1055e-05 - 4s/epoch - 8ms/step

Epoch 487: LearningRateScheduler setting learning rate to 7.075856941531037e-05.
Epoch 487/500
560/560 - 5s - loss: 14.0138 - mae_1: 14.5091 - rmse_1: 18.1300 - val_loss: 8.3919 - val_mae_1: 8.8794 - val_rmse_1: 11.6803 - lr: 7.0759e-05 - 5s/epoch - 9ms/step

Epoch 488: LearningRateScheduler setting learning rate to 7.046298070444906e-05.
Epoch 488/500
560/560 - 5s - loss: 13.9746 - mae_1: 14.4686 - rmse_1: 18.1002 - val_loss: 7.7455 - val_mae_1: 8.2310 - val_rmse_1: 11.2009 - lr: 7.0463e-05 - 5s/epoch - 8ms/step

Epoch 489: LearningRateScheduler setting learning rate to 7.016862815691919e-05.
Epoch 489/500
560/560 - 5s - loss: 14.1139 - mae_1: 14.6064 - rmse_1: 18.2635 - val_loss: 7.7634 - val_mae_1: 8.2490 - val_rmse_1: 11.2234 - lr: 7.0169e-05 - 5s/epoch - 8ms/step

Epoch 490: LearningRateScheduler setting learning rate to 6.987550454055433e-05.
Epoch 490/500
560/560 - 4s - loss: 14.1037 - mae_1: 14.5971 - rmse_1: 18.2728 - val_loss: 7.7767 - val_mae_1: 8.2619 - val_rmse_1: 11.1635 - lr: 6.9876e-05 - 4s/epoch - 8ms/step

Epoch 491: LearningRateScheduler setting learning rate to 6.958360267715422e-05.
Epoch 491/500
560/560 - 5s - loss: 14.0381 - mae_1: 14.5343 - rmse_1: 18.1532 - val_loss: 7.8438 - val_mae_1: 8.3300 - val_rmse_1: 11.2167 - lr: 6.9584e-05 - 5s/epoch - 8ms/step

Epoch 492: LearningRateScheduler setting learning rate to 6.929291544199806e-05.
Epoch 492/500
560/560 - 5s - loss: 13.9576 - mae_1: 14.4503 - rmse_1: 18.1337 - val_loss: 8.9290 - val_mae_1: 9.4183 - val_rmse_1: 12.1063 - lr: 6.9293e-05 - 5s/epoch - 8ms/step

Epoch 493: LearningRateScheduler setting learning rate to 6.90034357633636e-05.
Epoch 493/500
560/560 - 5s - loss: 14.0783 - mae_1: 14.5697 - rmse_1: 18.2130 - val_loss: 8.3622 - val_mae_1: 8.8511 - val_rmse_1: 11.5926 - lr: 6.9003e-05 - 5s/epoch - 8ms/step

Epoch 494: LearningRateScheduler setting learning rate to 6.871515662205022e-05.
Epoch 494/500
560/560 - 4s - loss: 13.9735 - mae_1: 14.4664 - rmse_1: 18.0591 - val_loss: 7.7094 - val_mae_1: 8.1960 - val_rmse_1: 11.1325 - lr: 6.8715e-05 - 4s/epoch - 8ms/step

Epoch 495: LearningRateScheduler setting learning rate to 6.842807105090817e-05.
Epoch 495/500
560/560 - 4s - loss: 13.7697 - mae_1: 14.2605 - rmse_1: 17.8595 - val_loss: 10.3278 - val_mae_1: 10.8198 - val_rmse_1: 13.2927 - lr: 6.8428e-05 - 4s/epoch - 8ms/step

Epoch 496: LearningRateScheduler setting learning rate to 6.814217213437185e-05.
Epoch 496/500
560/560 - 5s - loss: 14.0626 - mae_1: 14.5587 - rmse_1: 18.1998 - val_loss: 8.7323 - val_mae_1: 9.2214 - val_rmse_1: 11.8982 - lr: 6.8142e-05 - 5s/epoch - 8ms/step

Epoch 497: LearningRateScheduler setting learning rate to 6.78574530079984e-05.
Epoch 497/500
560/560 - 5s - loss: 13.9739 - mae_1: 14.4699 - rmse_1: 18.1406 - val_loss: 8.1892 - val_mae_1: 8.6777 - val_rmse_1: 11.5011 - lr: 6.7857e-05 - 5s/epoch - 8ms/step

Epoch 498: LearningRateScheduler setting learning rate to 6.757390685801092e-05.
Epoch 498/500
WARNING:absl:Found untraced functions such as _jit_compiled_convolution_op, _jit_compiled_convolution_op, _jit_compiled_convolution_op, _jit_compiled_convolution_op, _jit_compiled_convolution_op while saving (showing 5 of 5). These functions will not be directly callable after loading.
560/560 - 8s - loss: 14.0284 - mae_1: 14.5225 - rmse_1: 18.1597 - val_loss: 7.6562 - val_mae_1: 8.1425 - val_rmse_1: 11.1806 - lr: 6.7574e-05 - 8s/epoch - 14ms/step

Epoch 499: LearningRateScheduler setting learning rate to 6.729152692084672e-05.
Epoch 499/500
560/560 - 5s - loss: 13.9675 - mae_1: 14.4580 - rmse_1: 18.1077 - val_loss: 10.5613 - val_mae_1: 11.0537 - val_rmse_1: 13.5728 - lr: 6.7292e-05 - 5s/epoch - 8ms/step

Epoch 500: LearningRateScheduler setting learning rate to 6.701030648270973e-05.
Epoch 500/500
560/560 - 5s - loss: 13.9403 - mae_1: 14.4289 - rmse_1: 18.0449 - val_loss: 7.8808 - val_mae_1: 8.3681 - val_rmse_1: 11.1941 - lr: 6.7010e-05 - 5s/epoch - 8ms/step
+ '[' 1 -eq 1 ']'
+ python TC-test_plot.py --mode PMIN --root /N/slate/kmluong/TC-net-cnn_workdir//MERRA2_00018w --image_size 64 --st_embed 0 --model_name TCNN4_18w_13c -temp /N/slate/kmluong/TC-net-cnn_workdir//MERRA2_00018w/ -ss MERRA2 -tid sssssss --text_report_name PMINTCNN_13c.txt -u m/s
Finish normalization...
 1/80 [..............................] - ETA: 13:0415/80 [====>.........................] - ETA: 0s   30/80 [==========>...................] - ETA: 0s48/80 [=================>............] - ETA: 0s69/80 [========================>.....] - ETA: 0s80/80 [==============================] - ETA: 0s80/80 [==============================] - 10s 4ms/step
Prediction output shape is (2557, 1)
Saving result to: /N/slate/kmluong/TC-net-cnn_workdir//MERRA2_00018w/text_report/fig_PMINTCNN4_18w_13c_MERRA2_PMIN.png
RMSE = 10.78 and MAE = 7.81
Completed!
+ :
